Prod_Co_keyID,Prod_Co,keyID
Warner Bros.,132,6194
Metro-Goldwyn-Mayer (MGM),44,8411
Relativity Media,42,7295
Canal+,41,5358
Touchstone Pictures,35,9195
Working Title Films,27,10163
Universal Pictures,21,33
Dune Entertainment,20,444
Regency Enterprises,19,508
Morgan Creek Productions,18,10210
New Regency Pictures,18,10104
Epsilon Motion Pictures,17,1171
Amblin Entertainment,17,56
Columbia Pictures Corporation,17,441
Twentieth Century Fox Film Corporation,16,306
TSG Entertainment,16,22213
Focus Features,16,10146
StudioCanal,15,694
Film4,15,9349
Dimension Films,15,7405
Millennium Films,14,10254
Spyglass Entertainment,13,158
Original Film,13,333
Participant Media,13,6735
Fox 2000 Pictures,13,711
Dune Entertainment III,13,6332
Lionsgate,12,1632
Blumhouse Productions,12,3172
Carolco Pictures,12,14723
Happy Madison Productions,12,2608
PolyGram Filmed Entertainment,11,1382
Cine+,11,10611
Castle Rock Entertainment,11,97
Phoenix Pictures,10,11317
Screen Gems,10,3287
NPV Entertainment,10,172
TF1 Films Production,10,3823
Scott Rudin Productions,10,258
EuropaCorp,10,6896
Canal+ Espana,10,9335
Davis Entertainment,10,1302
Twentieth Century Fox Animation,9,11749
UK Film Council,9,2452
Miramax,9,53009
Scott Free Productions,9,1645
Tribeca Productions,9,11391
TriStar Pictures,9,559
Dentsu,9,6452
DreamWorks SKG,9,27
Legendary Pictures,9,923
Mel's Cite du Cinema,8,54502
Village Roadshow Pictures,8,79
LStar Capital,8,34034
Revolution Sun Studios,8,76043
Walden Media,8,10221
Sony Pictures Releasing,8,3045
Wild Bunch,8,856
The Criterion Collection,8,10932
Anonymous Content,8,10039
Silver Pictures,7,1885
Westdeutscher Rundfunk (WDR),7,7025
Silver Screen Partners IV,7,10282
Pathe,7,7396
Marvel Enterprises,7,19551
Pixar Animation Studios,7,3
Warner Independent Pictures (WIP),7,11509
Platinum Dunes,7,2481
Revolution Studios,7,497
Playtone,7,4171
Chernin Entertainment,7,7076
Imagenation Abu Dhabi FZ,7,6736
Big Screen Productions,7,10893
Interscope Communications,7,10201
Cinergi Pictures Entertainment,7,1504
Emmett/Furla Films,7,10405
Donners' Company,7,431
DC Entertainment,7,9993
Di Bonaventura Pictures,7,435
Sunswept Entertainment,6,5219
New Line Cinema,6,12
Mirage Enterprises,6,932
Stillking Films,6,11345
Wildwood Enterprises,6,316
Saturn Films,6,831
WWE Studios,6,10339
Jerry Bruckheimer Films,6,130
Gold Circle Films,6,12026
3 Arts Entertainment,6,36390
A24,6,41077
Icon Entertainment International,6,4564
Annapurna Pictures,6,13184
Dino De Laurentiis Company,6,10308
Apatow Productions,6,10105
FilmDistrict,6,7263
Arte France Cinema,6,6916
Heyday films,6,437
Bad Hat Harry Productions,6,9168
CineCinema,6,6301
Marvel Entertainment,5,7505
Skydance Productions,5,6277
Marc Platt Productions,5,2527
Roth Films,5,16314
MTV Films,5,746
Rysher Entertainment,5,11661
Studio Canal,5,5870
Nu Image Films,5,925
Moving Picture Company (MPC),5,20478
Mace Neufeld Productions,5,2767
Vertigo Entertainment,5,829
Protozoa Pictures,5,7503
Zide-Perry Productions,5,3169
Troublemaker Studios,5,10807
Studio Babelsberg,5,264
QED International,5,11029
Media Rights Capital,5,2531
Sidney Kimmel Entertainment,5,737
Syncopy,5,9996
RatPac-Dune Entertainment,5,41624
Robert Simonds Productions,5,3929
Flower Films (II),5,19813
Blinding Edge Pictures,5,12236
Golan-Globus Productions,5,13549
Brandywine Productions,5,19747
Alphaville Films,5,11462
CBS Films,5,5490
France 2 Cinema,5,15671
Centre National de la Cinematographie (CNC),5,18367
BenderSpink,5,6363
Appian Way,5,562
Atlas Entertainment,5,507
Initial Entertainment Group (IEG),5,7380
FilmNation Entertainment,5,7493
Arte,5,201
Forward Pass,5,675
Dino de Laurentiis Cinematografica,5,1216
Franchise Pictures,5,1403
Allied Filmmakers,5,1755
Baltimore Pictures,5,11407
Edward R. Pressman Film,5,6455
Hyde Park Entertainment,5,13816
Eon Productions,5,7576
Exclusive Media Group,5,11448
Intermedia Films,5,763
Constantin Film Produktion,5,5755
Jersey Films,5,216
Dark Horse Entertainment,5,552
Dark Castle Entertainment,5,1786
Mandeville Films,4,10227
The Montecito Picture Company,4,2364
Rat Entertainment,4,12007
Lipsync Productions,4,9987
Metrol Technology,4,25954
Marv Films,4,5374
Pacific Western,4,1280
Reliance Entertainment,4,7294
Parkes+MacDonald Image Nation,4,49325
Mutual Film Company,4,762
The Saul Zaentz Company,4,5237
Right of Way Films,4,32157
uFilm,4,8676
Maverick Films,4,4000
Why Not Productions,4,729
Newmarket Capital Group,4,506
PalmStar Media,4,49152
Scion Films,4,7419
Temple Hill Entertainment,4,12292
Nickelodeon Movies,4,2348
The Ladd Company,4,7965
Sean S. Cunningham Films,4,17611
The Safran Company,4,11565
Northern Lights Entertainment,4,8816
Thunder Road Pictures,4,3528
Solana Films,4,21223
Pathe Renn Productions,4,866
Sony Pictures Animation,4,2251
Michael De Luca Productions,4,11370
Sony Pictures Entertainment (SPE),4,7431
Walt Disney Feature Animation,4,10217
Malpaso Productions,4,171
Overbrook Entertainment,4,12485
Paradox Entertainment,4,6819
Lakeshore Entertainment,4,126
Hasbro Studios,4,22826
Affirm Films,4,10156
ApolloMedia Distribution,4,16850
IM Global,4,7437
2929 Productions,4,846
Kennedy/Marshall Company The,4,7383
Bluegrass Films,4,13778
Green Hat Films,4,3527
Avery Pix,4,1565
Cold Spring Pictures,4,2363
Film i Vast,4,17513
Cross Creek Pictures,4,10246
British Film Institute (BFI),4,7281
Alcor Films,4,644
FilmColony,4,1811
Big Beach Films,4,12808
British Screen Productions,4,12745
Goldcrest Pictures,4,11843
Capitol Films,4,826
Gunn Films,4,3538
1492 Pictures,4,436
Closest to the Hole Productions,4,8537
Babelsberg Film,4,19481
Baltimore Spring Creek Productions,4,16061
American Zoetrope,4,70
Ingenious Film Partners,4,289
France 3 Cinema,4,16804
Instituto de la Cinematografia y de las Artes Audiovisuales (ICAA),4,9974
Centropolis Entertainment,4,347
Bavaria Film,4,1704
Fuji Television Network,4,3341
John Wells Productions,4,1512
Genre Films,4,28788
Killer Films,4,1422
GK Films,4,3281
Chockstone Pictures,4,13649
DreamWorks Animation,4,521
Wild West Picture Show Productions,3,2796
Umedia,3,19037
Rising Star,3,1208
SLM Production Group,3,396
Magnolia Pictures,3,1030
Smokehouse Pictures,3,22695
Tim Burton Productions,3,8601
Mad Chance,3,1757
Plan B Entertainment,3,45778
Zephyr Films,3,16923
Media Programme of the European Community,3,21972
RatPac Entertainment,3,28732
Weed Road Pictures,3,433
Open Road Films,3,10427
thinkfilm,3,12247
Sound for Film,3,1143
TPS Star,3,6586
Liveplanet,3,2200
Picture Perfect Corporation,3,27993
Santa Fe Institute for Regional Education,3,16645
Signature Entertainment,3,23770
Nick Wechsler Productions,3,8073
Mandalay Pictures,3,551
Palace Pictures,3,927
Vinyl Films,3,485
Studio Trite,3,6453
Warner Bros. Animation,3,2785
Region Ile-de-France,3,11246
SKA Films,3,13419
Summit Entertainment,3,491
Rai Cinema,3,2683
Worldview Entertainment,3,9015
Shady Acres Entertainment,3,159
Nelson Entertainment,3,365
Mandalay Entertainment,3,1236
Paramount Pictures,3,4
Shanghai Film Group,3,3407
Tapestry Films,3,870
MHF Zweite Academy Film,3,8848
Televisio de Catalunya (TV3),3,8530
MICA Entertainment,3,24510
Nintendo,3,12288
Twisted Pictures,3,2061
TF1,3,22123
Signature Pictures,3,2982
Pariah,3,11733
United Artists,3,60
TF1 Films Productions,3,356
Valhalla Motion Pictures,3,11533
The Australian Film Commission,3,5186
Prana Studios,3,18713
The Canton Company,3,22351
Prime Focus,3,15357
Screen Australia,3,7584
Production I.G.,3,12657
The Kennedy/Marshall Company,3,862
Manifest Film Company,3,20719
Norddeutscher Rundfunk (NDR),3,7201
Provident Films,3,3291
Screen NSW,3,10951
Province of British Columbia Production Services Tax Credit,3,12200
Montecito Picture Company The,3,4607
Misher Films,3,11581
Section Eight Productions,3,14315
Number 9 Films,3,11752
The Weinstein Company,3,308
Svenska Filminstitutet (SFI),3,7446
Room 101,3,6302
Zweites Deutsches Fernsehen (ZDF),3,4606
Les Films Du Fleuve,3,1926
Hollywood Pictures,3,915
Cruise/Wagner Productions,3,44
Baldwin Entertainment Group,3,2234
IMF Internationale Medien und Film GmbH & Co. 3 Produktions KG,3,19116
Envision Entertainment Corporation,3,11030
Largo Entertainment,3,1644
Broken Road Productions,3,8000
Danjaq,3,10761
Escape Artists,3,1423
Davis-Films,3,342
Eurimages,3,850
Bord Scannan na hÉireann,3,1898
Evergreen Media Group,3,31375
Junction Entertainment,3,19097
Canal+ Droits Audiovisuels,3,53473
EMI Films Ltd.,3,538
Faliro House Productions,3,19246
Current Entertainment,3,972
Film Four International,3,9210
Hey Eddie,3,46222
Film House Germany,3,19639
Hwy61,3,6320
Arte France,3,6111
Imagine Entertainment,3,23
40 Acres & A Mule Filmworks,3,4319
Ingenious Media,3,290
Antidote Films (I),3,23912
Irish Film Board,3,5267
BBC Films,3,288
DMG Entertainment,3,10289
FilmEngine,3,816
Kadokawa Shoten Publishing Co.,3,9068
Filmgate Films,3,18230
Kodansha,3,6999
Australian Film Finance Corporation (AFFC),3,8724
Granada Television,3,14063
Firm Films,3,1838
Groundswell Productions,3,4205
Cheetah Vision,3,5830
Handsomecharlie Films,3,8873
Forge,3,2980
Hemisphere Media Capital,3,9169
Fortis Films,3,4258
Bob Yari Productions,3,12260
China Film Co.,3,40890
Home Box Office (HBO),3,3268
Automatik Entertainment,3,7625
Bona Fide Productions,3,2570
1984 Private Defense Contractors,3,8532
DC Comics,3,429
France Televisions,3,11795
Imagine Films Entertainment,3,11262
Big Kid Pictures,3,8406
De Line Pictures,3,2609
Cinedigm,3,20659
Detour Filmproduction,3,11510
Gary Sanchez Productions,3,4740
5150 Action,3,47354
Gaumont,3,9
Isle of Man Film,3,2268
Big Talk Productions,3,443
Jerry Weintraub Productions,3,2596
Georgetown Productions Inc.,3,16779
Don Simpson/Jerry Bruckheimer Films,3,10288
Black Bear Pictures,3,22146
JVC Entertainment Networks,3,4248
Color Force,3,5420
Kanzaman,3,4169
Arnold Kopelson Productions,3,16775
Laurence Mark Productions,3,415
Art Linson Productions,3,8769
Bad Robot,3,11461
Goldmann Pictures,3,12006
Gran Via Productions,3,2605
LD Entertainment,3,10285
Dune Films,3,19477
DisneyToon Studios,3,5391
Moho Film,2,34725
Mimran Schur Pictures,2,6573
Walt Disney Animation Australia,2,3476
Mythology Entertainment (II),2,34982
TIK Films,2,72441
Renaissance Pictures,2,467
Morena Films,2,10031
Reveal Entertainment,2,41251
Red Hour Films,2,12178
Neal Street Productions,2,1522
Ministero per i Beni e le Attivita Culturali (MiBAC),2,29223
Madhouse Entertainment,2,12199
Translux,2,14384
NeoReel,2,24097
Moonlighting Films,2,9137
Rickshaw Productions,2,2201
Radiant Productions,2,18990
NEST Family Entertainment,2,4107
Waverly Films,2,735
New Deal Productions,2,1947
Yong Film,2,49096
Road Rebel,2,2648
The Department of Trade and Industry of South Africa,2,10884
New Legacy,2,939
M6 Films,2,1115
Robert Wise Productions,2,6304
Touchwood Pacific Partners 1,2,8830
Marvel Knights,2,11106
Prelude Pictures,2,19902
Marvel Studios,2,420
U-Drive Productions,2,20448
RT Features,2,30666
QC Entertainment,2,72725
Ruby Films,2,2054
Victor & Grais Productions,2,23308
Maven Pictures,2,19640
Vlaams Audiovisueel fonds,2,3132
Sahara Productions,2,12126
Rastar Pictures,2,2070
Samuel Goldwyn Films,2,9118
Motown Productions,2,2730
Sandollar Productions,2,5842
WoWow,2,5073
Magnet Media Group,2,22546
Madhouse,2,4288
Mayhem Pictures,2,22881
Mindshare Media,2,35020
Nina Saxon Film Design,2,1693
Pinewood Pictures,2,62230
Scope Pictures,2,11199
Lionsgate Premiere,2,85885
Nine Yards Productions,2,51772
This Is That Productions,2,10059
Magnet Media Productions,2,22545
Toho-Towa,2,657
Scottish Screen,2,698
Trademark Films,2,22153
Magnolia Mae Films,2,18188
MK2 Productions,2,9209
Nord-Ouest Productions,2,32330
Turner Pictures (I),2,6189
Media Rights Capital (MRC),2,86655
Protagonist Pictures,2,20277
Sean Daniel Company,2,19857
UGC PH,2,23932
Mediapro,2,12010
Punch Productions,2,2154
Nu Image Entertainment GmbH,2,22443
Upload Films,2,6724
Shadow Shows,2,12976
Vertigo,2,23084
MediaPro Pictures,2,11819
Radar Pictures,2,14718
Medienboard Berlin-Brandenburg,2,7307
Virtual Studios,2,449
Sherwood Pictures,2,41967
VOO,2,11797
Shoebox Films,2,28473
Walt Disney Television Animation,2,3475
Shogakukan,2,9149
Mosfilm,2,5120
Occupant Entertainment,2,25838
Mostow/Lieberman Productions,2,23636
Offspring Entertainment,2,2378
Red Crown Productions,2,16945
One Race Films,2,7154
World Wrestling Entertainment (WWE),2,7588
Sikelia Productions,2,23243
Likely Story,2,1785
Sil-Metropole Organisation,2,5686
Zanuck/Brown Productions,2,1865
Sil-Metropole Organisation Ltd.,2,35050
Pearl Street Films,2,29313
Medusa Film,2,6246
The Cannon Group,2,16414
Opus Film,2,6477
Pikachu Project,2,12653
Simon Kinberg Productions,2,31076
Pimlico Films,2,10258
Oriental Light and Magic,2,5372
Pinewood Studios,2,19404
Lonely Film Productions GmbH & Co. KG.,2,430
The Samuel Goldwyn Company,2,8888
Original Pictures,2,4234
The Steve Tisch Company,2,21920
Smart Entertainment,2,44783
platinum studios,2,7218
Orion Pictures Corporation,2,14150
Miramax Films,2,14
Snoot Entertainment,2,15159
Polar Entertainment,2,17411
Sociedad General de Television (Sogetel),2,20295
Polski Instytut Sztuki Filmowej,2,11240
Österreichischer Rundfunk (ORF),2,3391
Linson Entertainment,2,4700
Outlaw Productions (I),2,19507
Trans Atlantic Entertainment,2,15343
Mainichi Broadcasting System (MBS),2,3363
Potboiler Productions,2,36615
Overnight Films,2,10808
Triumph Films,2,23098
Overture Films,2,12807
Mod Producciones,2,5444
Spelling Films,2,10355
Producers Sales Organization (PSO),2,11670
Spring Creek Productions,2,705
Twins Financing,2,20899
Pacific Film and Television Commission,2,4024
Tyler Perry Company The,2,3096
Stable Way Entertainment,2,1013
Monarch Pictures,2,966
Stage 6 Films,2,11341
Marianne Productions,2,1497
Star Cinema Productions,2,10417
Unique Features,2,60746
Starz Animation,2,2885
Universal City Studios,2,69627
Steel Mill Pictures,2,15282
Universal Pictures International (UPI),2,5726
Pacific Standard,2,15829
Vaca Films,2,7345
Strike Entertainment,2,655
Vendome Pictures,2,7460
Major Studio Partners,2,445
Quinta Communications,2,6370
Page 114,2,11779
View Askew Productions,2,16934
Studio Ghibli,2,10342
Vincent Pictures,2,8818
Studio Green,2,12630
VIP 2 Medienfonds,2,3801
Metropolitan Filmexport,2,656
Vision PDG,2,4109
MFPV Film,2,69
Voltage Pictures,2,10255
STX Entertainment,2,47729
Radio Television Belge Francophone (RTBF),2,7466
Summer Knowledge LLC,2,1464
Mars Media Beteiligungs,2,6402
Lorimar Film Entertainment,2,1176
Ram Bergman Productions,2,11092
Paramount Animation,2,24955
Warner Bros. Pictures,2,174
Lorimar Motion Pictures,2,1887
Warp Films,2,12180
Los Hooligans Productions,2,11705
Wayans Bros. Entertainment,2,1608
TABBAK,2,1040
Weinstock Productions,2,16946
TAFT Entertainment Pictures,2,965
Recorded Picture Company (RPC),2,11561
Parkes/MacDonald Productions,2,11084
Red Granite Pictures,2,19177
TC Productions,2,21777
Red Wagon Entertainment,2,14440
Team Todd,2,598
Marubeni,2,4650
Tele Munchen Fernseh Produktionsgesellschaft (TMG),2,7237
WT2 Productions,2,10462
Telefonica Studios,2,29564
Yari Film Group,2,2448
Mid Atlantic Films,2,2735
Zanuck Company The,2,20004
Midfield Films,2,3080
Region Nord-Pas-de-Calais,2,11434
Midnight Sun Pictures,2,17887
Mandate Pictures,2,771
Revelations Entertainment,2,906
River Road Entertainment,2,1246
Gettin' Rad Productions,2,63631
La Fabrique 2,2,7346
Hypnotic,2,7384
Astral Media,2,2743
Filmfour,2,6705
Atlantic Swiss Productions,2,22310
HanWay Films,2,2395
Atmosphere Entertainment MM,2,2995
Arc Productions,2,10280
Atomic Monster,2,76907
American Empirical Pictures,2,23449
August Entertainment,2,3322
Anchor Bay Films,2,5860
Backup Films,2,5381
87Eleven,2,23008
Batjac Productions,2,2532
Aperture Entertainment,2,33832
Baumgarten Management and Productions (BMP),2,23423
Inferno Distribution,2,11278
Bayerischer Rundfunk (BR),2,7333
Kerner Entertainment Company,2,7311
BBC,2,5996
Amblimation,2,4105
Beacon Communications,2,919
American Entertainment Partners L.P.,2,5264
Bedford Falls Company The,2,20634
Focus Films,2,1268
Benaroya Pictures,2,6692
Furst Films,2,3135
Adam Fields Productions,2,3334
Animal Kingdom,2,26995
Blackfriars Bridge Films,2,2087
Guardian Trust Company,2,542
Blake Edwards,2,6407
Haxan Films,2,15160
Block / Hanson,2,8504
Huayi Brothers Media,2,39649
Bloody Disgusting,2,15157
Impact Pictures,2,248
Blossom Films,2,32537
Intrepid Pictures,2,1224
Blue Sky Films,2,33680
Karz Entertainment,2,4194
Blue Sky Studios,2,9383
Kontsept Film Company,2,76067
Blue Tulip Productions,2,35304
Le Tax Shelter du Gouvernement Federal de Belgique,2,11921
Blue-Tongue Films,2,32299
Evolution Entertainment,2,23019
Brad Grey Pictures,2,10958
Film Afrika Worldwide,2,4792
Bridgit Folman Film Gang,2,17931
Filmfonds Wien,2,10273
Brightlight Pictures,2,1063
FilmWorks,2,7786
British Broadcasting Corporation (BBC),2,15278
Fox Atomic,2,2890
Broadway Video,2,1756
Free Range Films,2,39509
Broken Lizard Industries,2,2773
Future Films,2,10843
Buckaroo Entertainment,2,11250
Globo filmes,2,10954
Buffalo Gal Pictures,2,11517
Good Machine,2,10565
C.R.R.A.V. Nord Pas de Calais,2,11433
Grive Productions,2,6877
Callahan Filmworks,2,60378
Hakuhodo DY Media Partners,2,11846
Camelot Pictures,2,11728
Hart-Sharp Entertainment,2,11351
Canadian Film or Video Production Tax Credit (CPTC),2,8582
Herold Productions,2,1064
Carolco International N.V.,2,80461
House & Moorhouse Films,2,39250
Carthago Films S.a.r.l.,2,20395
Hyde Park Films,2,1172
Castafiore Films,2,9971
APJAC Productions,2,12943
Ce Qui Me Meut Motion Pictures,2,10572
Indian Paintbrush,2,9350
Cecchi Gori Group Tiger Cinematografica,2,371
Insurge Pictures,2,7377
Centre National du Cinema et de L'image Animee (CNC),2,17298
Isle of Man Film Commission,2,8719
Chambara Pictures,2,12234
K/O Paper Products,2,7296
Channel Four Films,2,181
Keep Your Head,2,79963
Channel One Russia,2,1039
Knickerbocker Films,2,54052
Chaocorp,2,7766
Krasnoff Foster Productions,2,8299
Cheyenne Enterprises,2,890
Latina Pictures,2,19108
China Film Group,2,5635
Amazon Studios,2,20580
China Film Group Corporation (CFGC),2,14714
ETIC Films,2,2979
Alcon Entertainment,2,1088
Fabula,2,24459
CiBy 2000,2,7832
Feigco Entertainment,2,61791
CinemaNX,2,5705
Film Fund Luxembourg,2,11776
Cinerenta Medienbeteiligungs KG,2,995
Film Victoria,2,11840
City Films,2,10720
Filmforderung Hamburg,2,2406
Clifford Werber Productions,2,46051
8383 Productions,2,15158
Clinica Estetico,2,1274
First Foot Films,2,22110
Construction Film,2,44225
Fox Animation Studios,2,11231
Cort/Madden Productions,2,53673
Anarchos Productions,2,450
Cott Productions,2,24175
Frank Yablans Presentations,2,4988
Crave Films,2,16312
Andell Entertainment,2,1683
Craven-Maddalena Films,2,1600
Furthur Films,2,33433
Creative England,2,64479
Fuzzy Door Productions,2,8789
Creative Scotland,2,8087
Gilbert Films,2,10161
Crest Animation Productions,2,21234
Golan-Globus,2,1445
Cruel and Unusual Films,2,78685
Goldcrest Films International,2,500
David Brown Productions,2,903
Anka Film,2,867
David Kirschner Productions,2,11050
Greenestreet Films,2,2150
David Ladd Films,2,21447
Antena 3 Films,2,6538
Davis Films,2,14175
Gulfstream Pictures,2,20788
Dear Film Produzione,2,11929
HandMade Films,2,20076
Delphi III Productions,2,3088
Hard Eight Pictures,2,48772
Delphi V Productions,2,1174
Hasbro,2,2598
Delux Productions,2,1472
Hedge Fund Film Partners,2,11449
Dentsu Inc.,2,1778
Anton Capital Entertainment (ACE),2,20664
Depth of Field,2,1473
Horseshoe Bay Productions,2,19552
Desperate Pictures,2,1474
Houston King Productions,2,66044
Dharma Productions,2,19146
Hughes Entertainment,2,477
Les Productions Artistes Associes,2,64
Hydraulx,2,10936
Leverage Entertainment,2,8539
IAC Film,2,10351
21 Laps Entertainment,2,2575
Image Entertainment,2,3086
Alpha Core,2,18209
Imprint Entertainment,2,5218
DJ Films,2,5654
Industry Entertainment,2,376
DNA Films,2,284
Initial Pictures,2,6781
Doha Film Institute The,2,72917
International Film Investors,2,502
Don Carmody Productions,2,22656
Iris productions,2,6938
Double Feature Films,2,215
Italian Tax Credit,2,21212
Drafthouse Films,2,10485
Jewel Productions,2,10257
Dragonfly Entertainment,2,18142
Kalima Productions GmbH & Co. KG,2,7385
Alphaville Productions,2,6556
Kasdan Pictures,2,13040
DreamWorks Pictures,2,7293
Kennedy Miller Productions,2,2537
Dylan Sellers Productions,2,8807
Key Creatives,2,2300
Eclipse Catering,2,23787
Knightsbridge Entertainment,2,46961
Altitude Film Entertainment,2,19638
Krane Entertainment,2,25358
Egoli Tossell Film,2,44224
Kumar Mobiliengesellschaft mbH & Co. Projekt Nr. 1 KG,2,12067
Element Pictures,2,3353
La Petite Reine,2,1992
Energy Entertainment,2,18617
Lawrence Bender Productions,2,2253
Entre Chien et Loup,2,15472
Les Films Alain Sarde,2,635
Envision Entertainment,2,31832
Electric City Entertainment,2,8600
WARNER BROS DIGITAL DISTRIBUTION,1,38656
Monarchy Enterprises S.a.r.l.,1,77845
Spondoolie Productions,1,19378
Next Wave Films,1,13028
Tu Vas Voir Productions,1,17469
Next Wednesday Productions,1,921
Zwart Arbeid,1,44997
Nexus Factory,1,7561
Super Crispy Entertainment,1,13369
NHK,1,15505
Tiberius Film Productions,1,5338
Nibariki,1,12516
MadRiver Pictures,1,73492
Nice Guys,1,79791
Wonderland Films,1,2299
Licht/Mueller Film Corporation,1,6092
Ministere de la Culture,1,10901
Mainstream S.A.,1,271
Stratus Film Co.,1,11027
Nimar Studios,1,7636
TBA Film,1,21288
Majestic Films International,1,2630
The Mirisch Production Company,1,11579
Lieutenant Productions,1,11266
Toronto Film Studios,1,10168
Nine Yards Two Productions,1,51771
Underworld Entertainment,1,476
Malavita,1,31824
VIP 4 Medienfonds,1,23238
Nippon Film Development and Finance Inc.,1,1202
WF/X,1,38091
Nippon Television Network (NTV),1,20192
Yannix Technology Corporation,1,53063
Nippon Television Network Corporation (NTV),1,6755
Minerva Picture Company Ltd.,1,23631
No Dream Cinema,1,864
Spacegate Productions,1,3046
No Frills Film Production,1,3851
Stars Road Entertainment,1,8931
No Such Productions,1,79209
Subotica Entertainment,1,39004
No Trace Camping,1,35846
Tales From The Crypt Holdings,1,69626
Noel Gay Motion Picture Company,1,358
Mon Voisin Productions,1,22983
Noel Pearson,1,93530
M7 Filmproduktion,1,41359
Nomad Films,1,12914
The Vault,1,6032
Nomura Babcock & Brown,1,12883
Toff Guy Films,1,2900
Malpaso Company,1,15298
Transworld Pictures,1,518
Nordisk Film,1,235
TYO Productions,1,3365
Nordisk Tonefilm International,1,3899
Universe Entertainment,1,20543
nordmedia Fonds GmbH,1,75413
Vestron Pictures,1,12360
Malpaso Company The,1,69934
Waddieish Claretrap,1,85425
Norsk Film,1,12984
Waterstone Entertainment,1,62410
Norsk Rikskringkasting (NRK),1,5404
Wildgaze,1,89818
North Box Productions,1,22637
WY Productions,1,3304
Northbrook Films,1,14227
ZDF Productions,1,8595
Northern Ireland Film and Television Commission,1,4394
SnowPiercer,1,21122
Northern Ireland Screen,1,11667
SofiTVCine 3,1,92199
Lip Sync Post,1,10247
Sordid Lives LLC,1,7071
Nostromo Pictures,1,11068
Spelling Entertainment,1,272
Notting Hill Pictures,1,283
Stage III Productions,1,13300
Nouvelles Éditions de Films (NEF),1,753
Stellar Megamedia,1,26240
Novo RPI,1,1996
M Company,1,84815
Management Company Entertainment Group (MCEG),1,8821
Summertime Entertainment,1,48471
NT2 Productions,1,20013
Synchronistic Pictures,1,1260
Nu Boyana Film Studios,1,74795
Tappeluft Pictures,1,7941
Lighthouse Pictures,1,6345
Moho Films,1,1688
Lisberger/Kushner,1,558
Tempesta Films,1,4384
Nu-Image Films,1,21543
The Body,1,90896
Number 13,1,88639
The Guber-Peters Company,1,4357
Mandalay Vision,1,6667
The Production Company,1,3987
Nuyorican Productions,1,1620
Thorn EMI Screen Entertainment,1,6179
nWave Pictures,1,10159
TinRes Entertainment,1,20658
Oak,1,16838
Tollin/Robbins Productions,1,2184
Oak Productions,1,55528
Moulin Productions Inc.,1,14373
Oasis Films,1,33831
Movie Prose,1,22746
Mandarin Film,1,7839
Moving Pictures Film and Television,1,7595
Oceana Media Finance,1,4634
Ufland,1,12548
O'Connor Brothers,1,12066
Unitel Classics,1,10706
Odd Lot Entertainment,1,3263
Valentina Films,1,31833
Odyssey Entertainment,1,3539
Versatil Cinema,1,8531
Off Hollywood Pictures,1,3768
Viking Films,1,1968
Office Federal de la Culture,1,21990
Visual Bible International,1,10169
Mandarin Films,1,12096
Walt Disney Productions,1,3166
Oldgarth Media,1,92474
warner bross Turkey,1,47502
Olfactory Productions,1,20111
Weinstein Company The,1,7289
Olga Film GmbH,1,7930
Wiedemann & Berg Filmproduktion,1,336
Olive Bridge Entertainment,1,7291
Wind Dancer Productions,1,8116
Ollin Studio,1,53638
WRA Productions,1,80996
Olympus Pictures,1,7400
XM2 Productions,1,79026
Omega Project,1,1195
Youngheart Productions,1,81129
On My Own,1,20341
Zeta Zinema,1,64359
On The Corner Films,1,56804
Sneak Preview Entertainment,1,1975
Onda Entertainment,1,11802
Sobras Producciones,1,18148
Mandarin Films Distribution Co.,1,4054
Sofica Manon,1,24455
One Race Productions,1,1225
Ming Productions,1,74695
Ontario Film Development Corporation,1,22210
Lunar Industries,1,3317
Open City Films,1,547
South Australian Film Corporation The,1,33905
Little Stranger,1,26402
Sparkler Entertainment,1,20012
Opera Film (II),1,82322
Spikings Entertainment,1,22611
Little Wing Films,1,3446
SRG SSR idee suisse,1,21987
Opus Pictures,1,7270
Lyca Productions,1,35124
Oregon Film Factory,1,13298
Steady Aim,1,69111
Oren Peli / Brian Witten Pictures,1,14734
Storm King Productions,1,23895
ORF Film/Fernseh-Abkommen,1,11388
Studio 37,1,2577
Organizacion Santo Domingo,1,84498
Mitsubishi Shoji,1,20191
Mango Farms,1,24558
Suftley,1,87394
Oriental Light and Magic (OLM),1,66289
Sunday Night,1,29312
Oriental Light and Magic Team Koitabashi,1,12658
SVT,1,3179
Origin Pictures,1,8088
Tabo Tabo Films,1,15614
Little Wolf Entertainment,1,11234
Tank Caterpillar,1,69110
Manitoba Film and Video Production Tax Credit,1,11715
Tatfilm,1,20370
Mann Made Films,1,23735
Team Downey,1,27467
Orly Films,1,354
Telefilm Wien,1,69420
Osiris Productions,1,11265
Television Espanola (TVE),1,6639
Mann/Roth Productions,1,8759
Ten Thirteen Productions,1,545
Österreichisches Filminstitut,1,11389
The Australian Children's Television Foundation,1,3426
Otis Productions,1,17863
Monophonic Inc.,1,69989
Ott Medien,1,2795
The Film Department,1,5801
Out of the Blue... Entertainment,1,879
Monterey Productions,1,1316
Outland Productions,1,7966
The Picture Factory,1,637
Mantle Clinic II,1,47396
Mosaic Media Group,1,748
Outlaw Sinema,1,13444
thefyzz,1,36109
Outpost Studios,1,25886
Motion Picture Corporation of America (MPCA),1,11061
MAPPA,1,21444
Motion Picture ETA Produktionsgesellschaft,1,52844
Overbrook Films,1,907
Tobis Filmkunst,1,7448
Live Stock Films,1,1466
Tohokushinsha,1,51850
Lightmotive,1,16978
Top Cow Productions,1,2528
Ozla Pictures,1,2617
Motorino Amaranto,1,50915
Ozumi Films,1,11440
Transfilm,1,48188
Pachyderm Production,1,60892
Trianon Films,1,16913
Pacific Arts Video,1,4392
Troika Pictures,1,15462
Mark Gordon Productions,1,11362
Madacy Entertainment,1,12027
Pacific Renaissance Pictures Ltd.,1,7893
MPH Entertainment Productions,1,95018
Mark Johnson Productions,1,2604
Ubu Productions,1,46108
Marquis,1,89144
UKFS,1,37343
Mars Film,1,23123
Mutant Enemy Productions,1,10567
Pakhshiran,1,60000
Universal International Pictures (UI),1,10330
Mars Film Corporation,1,5236
Mysterious Arts,1,1072
Palatine Étoile 11,1,73894
Vast Entertainment,1,42119
Palatine Étoile 12,1,76446
Venus Productions,1,16836
Palisades California Inc.,1,42226
Nadiadwala Grandson Entertainment,1,60536
Liverpool,1,60111
Naked City Films,1,72749
Palomar Pictures (II),1,11371
Nanking Military Area Command Of The TV Art Centre,1,65444
Palomar Pictures International,1,12146
Vision International,1,3603
Pampa Films,1,34259
Volten,1,32874
Panda Productions Inc.,1,12408
Magna Films,1,23559
Pangaea,1,1656
Wanda Pictures,1,83838
Panorama Media,1,13395
Warner Bros. Feature Animation,1,20734
Panorama Studios,1,44223
Warp X,1,17817
Parabolic Pictures,1,1012
Neverland Films,1,37498
Paradise Productions,1,38616
Wes Craven Films,1,65507
Mars Production Pty. Ltd.,1,53997
White Hot Productions,1,78549
Parafrance Films,1,47767
Wild Side Films,1,27994
Marshall Production,1,8801
Will Packer Productions,1,49968
Martin Poll Productions,1,3986
Winkast Film Productions,1,13721
Paramount Vantage,1,838
New Star Entertainment,1,1340
Marty Katz Productions,1,12552
WV Films II,1,24939
Pariah Entertainment Group,1,1271
Xenon Pictures,1,4717
Paribas Film Corparation,1,17225
XYZ Films,1,12142
Park Pictures,1,13466
Yellow Bastard Production,1,44995
Logie Pictures,1,19637
New Zealand United,1,94199
Lolita Productions,1,21143
Zero Fiction Film,1,9206
Parkway Pictures (I),1,631
Zipper Bros Films,1,55571
Part II Productions,1,16856
Квартал-95,1,6234
London Weekend Television (LWT),1,6197
Lunar Films,1,2568
Participant Productions,1,2030
Sobini Films,1,13923
Parts and Labor,1,6531
Social Capital,1,4636
Pastel,1,54950
SODEC,1,13311
Patalex III Productions Limited,1,19231
Soficinema 11,1,77850
Patalex Productions,1,57751
Soho VFX,1,54392
Lone Runner Entertainment,1,19903
Solaris Film,1,1001
Pathe Films,1,4959
Ministere des Affaires etrangeres et du Developpement International,1,72598
Pathe Pictures International,1,1178
Sony Pictures Worldwide Acquisitions (SPWA),1,14577
Lone Wolf McQuade Associates,1,21469
Soul Mining Production,1,75652
Patrick Aiello Productions,1,59827
Sovereign Pictures,1,7541
Paul Thiltges Distributions,1,19437
Spanknyce Films,1,53414
Pauly Jr. Pictures,1,93047
Spectacle Entertainment Group,1,10370
PBS,1,5826
Spice Factory,1,1071
PeaPie Films,1,32243
Spitfire Pictures,1,14739
Marvel Productions,1,2301
SprocketHeads,1,20011
PECF,1,1650
Stacey Reiss Productions,1,90199
Peerford Ltd.,1,8846
Stanley Kubrick Productions,1,385
Pelican Productions LLC,1,3251
Star Ritz Productions Co Ltd,1,30795
Pendle Mountain Productions,1,40112
Starway International Inc.,1,3146
Peninsula Films,1,682
Mirisch Films,1,14829
Penta Pictures,1,11018
Mirisch Films Limited,1,92221
Pentagrama Films,1,50800
Story Ink,1,88548
Pentamerica,1,68062
Strongman,1,55143
Perdido Prod.,1,291
Misha Films,1,12008
Perdido Productions,1,12966
Mitsubishi,1,11847
Perfect Game The,1,19905
StudioCanal Image,1,10573
Perfect Nose Productions,1,72165
Such Much Films,1,13195
Perfect World Pictures,1,10338
Sumitomo Corporation,1,10921
Periscop Film,1,83867
Sunbow Productions,1,3313
Permut Presentations,1,455
Mm...Buttered Panini Productions,1,39024
Peter Frankfurt Productions,1,42209
MMP Erste Filmproduktions,1,53905
Peter Newman/Interal,1,23359
Sweetland Films,1,21716
Peter V. Miller Investment Corp.,1,89304
Syndicate Films International,1,26947
Peters Entertainment,1,16774
M.G. Films,1,89094
Petrobras,1,23906
Tamm Productions,1,64771
Phantasma,1,12562
Taormina Productions,1,78070
Phantom Four,1,423
Taryn Prov,1,50340
Phase 1 Productions,1,905
Tax Credit Finance,1,3782
Pheasantry Films,1,57987
Moguletta,1,12125
Philipp Filmproduction,1,50484
Tecisa,1,9232
Phoenix Film Investments,1,44171
Telecinco Cinema,1,2674
Phoenix Film Partners,1,10908
Telegraph Films,1,54285
Phoenix Film Poland,1,72683
Television Broadcasts Limited (TVB),1,79261
Lonely Dragon,1,23563
Television Federal (Telefe),1,21915
picrow,1,79111
M6 Metropole Television,1,8210
Picture Machine,1,8085
Ternion Pictures,1,20992
Picture Perfect (I),1,37833
MonkeyBoy,1,77155
Mary Breen-Farrelly Productions,1,23360
The Badham-Cohen Group,1,12646
Pictures in Paradise,1,3207
The Caddo Company,1,13866
Pierce/Williams Entertainment,1,18621
The Complex Studio,1,21962
Masada Productions,1,10309
The Film,1,3921
Pikachu Project 2001,1,89164
The First Channel,1,1272
Master Productions,1,57416
The Independent Film Channel Productions,1,54
Pin High Productions,1,79566
The Mark Gordon Company,1,1557
Pin Hole Productions LLC,1,13358
The Mount Company,1,1312
Pine District Pictures,1,88533
The Pokemon Company,1,12654
Matanza Cine,1,2563
MacDonald/Parkes Productions,1,384
Material,1,67989
Lin Pictures,1,2723
Piraya Film A/S,1,29063
Mad Dog Productions,1,18736
Pistolero Productions LLC,1,55852
Motel Movies,1,11337
Material Entertainment,1,2246
Three Good Men,1,22712
Pixomondo,1,64893
Tiara Blu Films,1,54512
Material Pictures,1,12139
Tiglon,1,23747
Planet Productions,1,6562
Timothy Burrill Productions,1,8131
Plantain Films,1,22567
Titti Film,1,855
Matinee Pictures,1,48785
Toei Animation,1,5542
Platinum Equity,1,2896
Toho Company,1,882
Matrix Film Finance,1,87851
Tokyo Broadcasting System (TBS),1,1393
Mattel Entertainment,1,49983
Toma 78,1,10677
Playtone Productions,1,4170
Topkick Productions,1,21470
Point Grey Pictures,1,16615
Totally Independent,1,991
Pointe Studios,1,55015
Mad Hatter Entertainment,1,20154
Poisson Rouge Pictures,1,16259
Mount Film Group,1,42345
Pola Pandora Filmproduktions,1,41706
Movic,1,3466
Matter Productions,1,13554
Tri Pictures,1,1994
Polaris Film Productions & Finance,1,764
Trigger Street Productions,1,11801
Pole Star,1,195
Tristone Entertainment Inc.,1,38100
Police Academy Productions,1,69583
Moviemakers Productions (MMP),1,53906
Lightstorm Entertainment,1,574
Turner Feature Animation,1,90511
Polsky Films,1,10478
Twentieth Century Fox,1,7392
Lonetree Entertainment,1,41096
Movistar+,1,67412
Polygram Pictures,1,67889
Two Girls Productions,1,81140
Pontchartrain Productions,1,24785
Type A Films,1,2308
Populist Pictures,1,14729
UFA Cinema,1,27392
Pork Pie Productions,1,94198
Ugly Duckling Films,1,1436
Portman Entertainment Group,1,1095
Unanimous Pictures,1,13242
Portobello Pictures,1,486
UniCredit Group,1,38592
Post Empire Films,1,40798
Unison Films,1,2372
Max Stronghold Productions Inc.,1,56980
Universal Cartoon Studios,1,4285
Potboiler Productions Ltd.,1,834
Universal Pictures (UK),1,7606
Practical Pictures,1,48788
Unthank Films,1,18987
Prairie Oyster Productions,1,28206
UTV Motion Pictures,1,2320
Prana Animation Studios,1,22135
Valkyrie Films,1,774
Max TV,1,11301
Velocity Productions,1,12170
Maximillian Productions,1,16912
Ventanarosa Productions,1,689
Prescience,1,6901
Verisimilitude,1,22632
Pretty Dangerous Films,1,2217
Vertice 360,1,59043
Prettybird,1,40797
Vertigo Productions,1,2756
Price Entertainment,1,23808
VGTRK,1,19126
Pricel,1,6542
Videofilms,1,394
Prima Films,1,603
Village-A.M. Partnership,1,23689
Prima Linea Productions,1,3144
National Film Development Corporation of India,1,503
Prima TV,1,60229
Virgin Produced,1,8852
Primary Productions,1,14635
VisionPlus Fund I,1,62409
May Day Movies,1,50492
Neal H. Moritz Productions,1,2882
Prime Time,1,11931
Vortex Sutra,1,79343
Prime Universe Productions,1,11747
Walrus & Associates,1,8780
Principato-Young Entertainment,1,37845
Walt Disney Animation Studios,1,6125
Procinvest Sas,1,19369
Nemperor,1,82962
Procirep,1,311
Warner Animation Group,1,25120
Producciones Fenix,1,39126
Nepenthe Productions,1,5016
Long Distance Films,1,7219
Warner Bros. Japan,1,13695
Production 2006,1,75039
Warner Premiere,1,4811
Maysville Pictures,1,89135
Waterland Film & TV,1,11300
Produzione Intercontinentale Cinematografica (PIC),1,10460
Wave Pictures,1,1098
Produzioni Europee Associati (PEA),1,7508
Magnolia Films,1,65514
Programme MEDIA de la Communaute Europeenne,1,11248
Weintraub Entertainment Group,1,6313
Project Eva,1,21503
New Holland Pictures,1,10229
Propaganda Films,1,278
Wheelhouse Entertainment,1,53005
Propeler,1,11441
Whyaduck Productions,1,62702
Proposal Productions,1,49327
Lions Gate Films,1,35
Protagonist Films,1,72599
New Picture Company,1,49512
MCA Theatricals,1,79415
Wildside Media,1,14158
McCann-Erickson,1,73925
Wim Wenders Stiftung,1,36229
Provenance Pictures,1,49964
Windy Hill Pictures,1,18922
McElroy & McElroy,1,8808
Witt/Thomas Productions,1,1089
MCL Films S.A.,1,11451
World 2000 Entertainment,1,7692
PSO International,1,427
Woss Group Film Productions,1,53042
Pull Down Your Pants Pictures,1,3907
WTA,1,53041
McLaughlin Films,1,28707
WW Production,1,8779
PVP Cinema,1,12299
X3US Productions,1,79029
Pyramide Productions,1,186
X-Filme Creative Pool,1,1972
Python (Monty) Pictures,1,58752
Xstream Pictures,1,1079
Q&Q Medien,1,45443
Y Productions,1,10887
Q&Q Medien GmbH,1,53011
Yari Film Group (YFG),1,74624
Qatsi Productions,1,4596
New Zealand Railways,1,94200
MDBF Zweite Filmgesellschaft,1,12246
Yuk Films,1,19749
MDP Worldwide,1,10828
Newbridge Film Capital,1,46625
QI Quality International GmbH & Co. KG,1,19952
Zenith Entertainment,1,3644
QI Quality International GmbH Co. KG,1,2981
Zespol Filmowy 'Tor',1,7984
Quad Productions,1,7038
Newman-Foreman Productions,1,382
Quality Growth International Ltd.,1,73954
Zookeeper Productions,1,46221
Quantum Entertainment,1,38617
Инвада фильм,1,42097
Quebec Film and Television Tax Credit,1,13310
News On Request (NOR),1,44996
Quebec Production Services Tax Credit,1,86352
Snoopadelic Films Inc.,1,4716
Quick Six Entertainment,1,24561
Snowfall Films,1,23632
Quickfire Films,1,4186
Soandbrad,1,87260
Media Asia Films,1,5552
Sobras International Pictures,1,55497
Qwerty Films,1,892
SOC Films,1,83224
R&C Produzioni,1,19385
Sociedad General de Cine (SOGECINE) S.A.,1,11954
R.P. Productions,1,355
Societe Nationale Pathe Cinema,1,222
Raaj Kamal Films International,1,11946
Sodium Fox,1,40799
Rabbit Bandini Films,1,52351
Sofica Soficinema 4,1,11397
Rachael Horovitz Productions,1,41660
SofiTVcine 2,1,77849
Racova,1,83868
Sogepaq,1,11955
Media Asia Group,1,11083
SOIXAN7E QUIN5E,1,23271
Media Farm,1,29311
Solar Productions,1,599
Radical Media,1,11152
Sommers Company The,1,19643
Radio Canada Television,1,71834
Sony Pictures Entertainment,1,5752
Radio Telefis Éireann (RTÉ),1,40605
Sony Pictures Home Entertainment,1,5388
Longfellow Pictures,1,8802
Sony Pictures Television,1,11073
Radio Television Espanola (RTVE),1,35442
Soprofilms,1,472
Radio Television Suisse (RTS),1,20663
Sorolla Films,1,1995
Rafter H Entertainment,1,11201
Mint Pictures,1,82964
MEDIA Programme of the European Union,1,851
South Side Amusement Company,1,43910
Rainbow Productions,1,5214
SOVIK Venture Capital,1,11432
Raindance Entertainment,1,23607
Spanish Ministry of Culture,1,10902
Raindog Films,1,75932
Spanky Pictures,1,1566
Rainforest Films,1,1309
SPD Films,1,57944
Rajkumar Theatres,1,78975
Spectrum Effects,1,78177
Loofah Productions,1,53626
Mirabelle Pictures,1,39708
Random Films,1,7262
Spier Films,1,8275
Rankin/Bass Productions,1,688
Spiltan Underhallning,1,33822
Lopert Pictures Corporation,1,39125
Splendid Medien AG,1,58334
Rastar Productions,1,13945
Miracle Communications Ltd.,1,22929
Mediana Productions Filmgesellschaft,1,10888
Miracle Pictures,1,2760
Rational Packaging Company,1,53013
Luxembourg Film Fund,1,46195
Lightstream Entertainment,1,69756
Mirage Entertainment,1,205
LightWorkers Media,1,23920
Stampede Entertainment,1,3853
Raza Studio,1,83869
Star Child Recording,1,21504
Razor Film Produktion,1,17932
Star Entertainment,1,23035
RCR Pictures,1,49965
Starbucks Entertainment,1,1708
Real Bean Entertainment,1,16727
Starstream Entertainment,1,23701
Reaper Productions,1,2539
Lynda Obst Productions,1,13769
Reborn Production,1,88420
Steamroller Productions,1,3495
Mediaset Espana,1,21632
Steelwork Films,1,12450
Recorded Pictures Company,1,470
Stephen J. Cannell Productions,1,5585
Red Chillies Entertainment,1,2343
Stonebridge Entertainment,1,5738
Mediastream Dritte Film GmbH & Co. Beteiligungs KG,1,19352
Story Bridge Films,1,18988
Red Dragon Productions,1,24322
Strange Matter Films,1,21927
Mediastream Film GmbH & Co. Productions KG,1,26282
Mirisch G-E Productions,1,23533
Red Hawk Entertainment,1,78217
Stuber Productions,1,4403
Mediaworks,1,12451
Studio 4°C,1,11671
Red Light Films,1,93091
Studio Box,1,11340
Red Lion Sarl,1,17234
Misty Mountains,1,79792
Red Om Films,1,2455
Studio Swan,1,10765
Red Turtle,1,21128
Mitteldeutsche Medienforderung (MDM),1,12346
Lorton Entertainment,1,82963
MJW Films,1,36433
Red Wagon Productions,1,780
Subzero Film Entertainment,1,62408
Redbus Pictures,1,20451
Sudwestrundfunk (SWR),1,16110
Redwave Films,1,8764
Sullivan Bluth Studios,1,6422
Redwood Palms Pictures,1,4297
M Productions,1,52660
Reel Chefs Catering,1,83397
ML Film Entertainment International,1,89314
Reel FX Creative Studios,1,2787
Sundance Institute Documentary Fund,1,93092
Reel Life Productions,1,20566
Sunflower Productions,1,22253
Refugee Films,1,8794
Super Cool ManChu,1,39121
Medienproduktion Poseidon Filmgesellschaft,1,27317
Surf Film,1,34401
Regent Capital,1,12696
Sveriges Television (SVT),1,3221
Regina Associates,1,4989
SW7D Productions,1,46052
Region Aquitaine,1,41258
Sydney Box Productions,1,13580
Liaison Films,1,20449
Mobra Films,1,5545
Melampo Cinematografica,1,370
Mockingbird Pictures,1,1092
Region PACA,1,78987
Taeoo Entertainment,1,26783
Region Provence-Alpes-Cote d'Azur,1,11798
Tailor Made,1,24557
Regione Lazio,1,20416
Tall Trees Productions,1,10239
Regione Siciliana,1,77395
Tangled Web Productions,1,2104
REI Capital,1,21925
TAO Film,1,473
Melbarken,1,41649
Modern VideoFilm,1,7304
Reliance BIG Entertainment,1,6733
Target Media Entertainment,1,1014
Loterie Suisse Romande,1,21996
Tate Productions,1,83485
Religiosa Primitiva,1,65328
Taurus Film,1,20555
Remark Films,1,49153
Tazora Films,1,25904
Remstar Productions,1,4298
TBS Radio & Communications,1,91253
Menageatroz,1,7116
TCF Vancouver Productions,1,28431
Republic Pictures,1,1432
Limelight Fund,1,12018
Reserve Room,1,10222
Teitler Film,1,2550
Retro-juice Productions,1,27896
Tele+,1,15139
Meno Films,1,7428
Telefe,1,8046
Menuet Producties,1,24846
Molinare Studios,1,4250
Revolt Films,1,15495
Telegraphe,1,22763
Revolution Films,1,163
Televisio de Catalunya TV3,1,6778
Merchant Ivory Productions,1,20740
Television de Galicia (TVG) S.A.,1,10050
Mersham Productions,1,1581
Television Espanola TVE,1,6780
Revolver Amsterdam,1,46421
Televiziunea Romana (TVR1),1,73926
Rhulen Entertainment,1,53733
Tempete Sous Un Crane Productions,1,765
Riama Film,1,221
Ten Films,1,8018
Rice Films,1,60016
TENCENT PICTURES,1,81620
Rich Animation Studios,1,4108
Tezuka Production Company Ltd.,1,3196
Rich Pickings,1,1096
Monkey Dance Productions,1,80510
Riche-Ludwig Productions,1,28438
The Alamo Company,1,12187
Mestiere Cinema,1,11559
Monkeypaw Productions,1,88934
Rifilm,1,3455
The Big Gun Project,1,11233
Metal Productions Inc.,1,89134
The Bubble Factory,1,27128
Ringerike Erste Filmproduktion,1,49123
Monofonus Press,1,71888
Rio Dulce,1,11948
The Charlie Mopic Company,1,916
Riofilm,1,395
Montauk Productions,1,18999
Ripken Productions,1,58546
The Donners' Company,1,11307
Meteor Film Productions,1,6288
The Film Arcade,1,61901
Rising Sun Films,1,19144
The Filmakers Group,1,12277
Rita Productions,1,7034
The Genre Co.,1,18950
Флагман-Трейд,1,14651
The Horrorworks,1,74791
LHF Film,1,73045
The Ink Factory,1,28275
RKO Pictures,1,20742
Macari/Edelstein,1,24902
Metro Tartan Distribution Ltd.,1,23630
The Mirisch Corporation,1,219
Rob Thomas Productions,1,19019
Morabito Picture Company,1,24323
Robert Lawrence Productions,1,12245
The Oxford Film Company,1,36600
Lotus Pictures,1,52944
The Picture Property Company,1,57986
Metro-Goldwyn-Mayer Pictures,1,6127
The Princess Bride Ltd.,1,49243
RoC Works Co.,1,10766
The Rank Organisation Film Productions,1,1130
Rodar y Rodar Cine y Television,1,11651
Limp Films,1,72597
Roger Birnbaum Productions,1,961
The Scottish Arts Council,1,8257
Rogue,1,8853
The Turman-Morrissey Company,1,924
Rogue Pictures,1,134
The Virginia Company LLC,1,22255
Rollercoaster Films,1,8575
The Zanuck Company,1,80
Romanian National Center for Cinematography,1,35018
Thin Man Films,1,10100
Romulus Films,1,3632
Motion Picture Associates,1,12275
Ronald Shusett/Gary Goldman,1,26265
Thousand Words,1,380
Rook Films,1,16853
Three Wolves Productions,1,95296
Lou Yi Inc.,1,839
Thunder Road Productions,1,4654
Room 9 Entertainment,1,3567
Tiberius Film,1,23868
Rosebud Productions,1,47380
Tiger Aspect Productions,1,686
Ross Hunter Productions Inc.,1,1830
TIK Film,1,86900
Rossen Films,1,22820
Motion Picture KAPPA Produktionsgesellschaft,1,19934
Rotana Film Production,1,84789
Timpson Films,1,19324
Metropolis Films,1,52846
Titan Productions,1,1582
Roth-Arnold Productions,1,1560
TMC,1,5076
Route One Films,1,50482
Todd McFarlane Entertainment,1,23364
Roven Productions,1,277
Toei Company,1,9255
Roy Export Company Establishment,1,71975
Toho,1,5897
RSL Entertainment Corp.,1,24449
Toho Pictures,1,49301
Metropolis Project,1,44804
Motion Picture Production GmbH & Co. Erste KG,1,53006
Loud Films,1,66002
TOKYOPOP,1,22641
Runaway Fridge Productions,1,26820
Tom Sawyer Entertainment,1,7373
Runteldat Entertainment,1,73956
Tonic Films,1,2763
Russian Ministry of Culture,1,15755
Top Rope,1,7504
RV Camping Productions Ltd.,1,93603
Tornasol Films,1,7680
RVK Studios,1,62693
Torus,1,5383
Ryan Murphy Productions,1,19328
Motion Picture THETA Produktionsgesellschaft,1,11346
Rye Road Productions,1,93521
TPS Cinema,1,884
MFF (Sound of Thunder),1,87850
Trackform Film Productions,1,10107
Saban Brands,1,11305
Trailblazer Films,1,7275
Saban Entertainment,1,2106
Trans World Entertainment (TWE),1,17915
Saban Films,1,76992
Transfilm International,1,60843
Sacromonte Films,1,31899
Transmission Pictures,1,12158
Saga Film,1,859
Treasure Entertainment,1,21872
Sahara Films,1,19027
Triad Film Works,1,92143
MFP Munich Film Partners,1,904
Movie Central Network,1,11551
SAI Productions,1,19554
Trilogy Entertainment Group,1,2231
Sailor Bear,1,14634
Tri-State Pictures,1,50914
Saint Aire Production,1,23910
MovieBank,1,38618
Salman Khan Human Productions,1,42590
Moviecorp VI,1,45300
Saltire Entertainment,1,30253
TSJ Entertainment,1,1689
Sampek Productions,1,34495
Turman-Foster Company,1,662
Samsung Venture Capital,1,1690
Turner Pictures,1,1765
Samuel Bronston Productions,1,10253
TVP S.A.,1,10827
Samuel Goldwyn Company The,1,28205
Moving Pictures DPI,1,7947
MFP Munich Film Partners GmbH & Company I. Produktions KG,1,21409
Twentieth Century Fox Television,1,24245
Samuels Media,1,2089
Twirly Films Limited,1,48129
Samuelson Productions,1,22514
Two Brothers Productions,1,19238
Sanai Pictures,1,27133
Mr. Smith Productions,1,60747
LSL Productions,1,8749
Type 55 Films,1,21207
Sanford Productions (III),1,12273
U.K. Productions Entity,1,20657
Sankei Shimbun,1,12039
MSM Motion Pictures,1,49607
Santa Clara Productions,1,34281
Linsefilm,1,2286
MG Media,1,24287
Mundy Lane Entertainment,1,2510
Santa Fe International,1,55841
Muse Entertainment,1,83338
Santa Frost Productions,1,95593
Muse Productions,1,15231
Santo Domingo Films,1,84497
Underground,1,49326
Sarah Green Film,1,22254
Uni Etoile 4,1,10574
Saraswati Entertainment Creations Limited,1,53252
Union,1,24905
Lime Orchard Productions,1,28708
Unisol 3 Distribution,1,23867
Saville Productions,1,73620
Liberty Pictures,1,20938
Savoy Pictures,1,11308
Unity Productions,1,2287
Saw Productions Inc.,1,55405
MUVI Films,1,28334
Sayaka Producciones Audiovisuales,1,7344
MVP Films,1,37580
SBS Independent,1,2818
Mypheduh Films,1,19991
Scanbox,1,8992
Unjustus Films,1,43313
Scared Productions,1,22035
Uplink Co.,1,27904
Scarlet Films,1,71265
Upstairs Canada Productions,1,3856
Scenario Lane Productions,1,87852
Mystery Clock Cinema,1,908
Schine-Moore Productions,1,73950
Mythic International Entertainment,1,5706
Scholastic Productions,1,1938
Varsity Pictures,1,6024
Schroeder Hoffman Productions,1,23382
VCL Communications,1,21785
Lucky Man Films,1,63051
Vendian Entertainment,1,50481
Michael Alden Productions,1,84889
Veneration Music,1,27895
Scorpion Film Production,1,7532
Venture Forth,1,20313
Michael Cerenzie Productions,1,2288
Verdi Productions,1,37765
Ludlum Entertainment,1,11347
Verona Produzione,1,10520
Scottish Arts Council The,1,8256
Vertebra Films,1,18144
Michael London Productions,1,1187
N1 European Film Produktions GmbH & Co. KG,1,8874
Scranton/Lacy Films,1,4228
Vertigo Films,1,69195
Michael Phillips Productions,1,20569
Very Special Projects,1,79436
Screen East,1,7276
Vestron UK,1,14311
Michael White Productions,1,463
Viacom Enterprises,1,59051
Michaels-Goldwyn,1,58553
Victor Saville Productions,1,16916
Screen Siren Pictures,1,44226
naked eye filmproduction GmbH & Co. KG,1,51075
Screen Yorkshire,1,2690
NALA Films,1,2088
Screenland Pictures,1,23587
Nancy Tenenbaum Films,1,41248
ScreenWest,1,7888
VIP 1 Medienfonds,1,10760
Sea Side Films Florida Inc.,1,95342
VIP 3 Medienfonds,1,827
Seagal/Nasso Productions,1,17825
VIP Medienfonds 4,1,2116
Sean Bailey Productions,1,23791
National Film Finance Corporation (NFFC),1,11493
Mico,1,42344
NDE Productions,1,20352
Micott Basara K.K.,1,3364
Visionview Production,1,29018
Second Mate Productions,1,19936
Viz Media,1,6687
Secret Hideout,1,90517
Magic Light Pictures,1,5644
Section Eight,1,129
Nederlands Fonds voor de Film,1,4508
Micro Fusion 2003-2,1,67252
Vserossiyskaya Gosudarstvennaya Televizionnaya i Radioveshchatelnaya Kompaniya (VGTRK),1,77594
Sedic,1,4649
Negod-Gwad Productions,1,81321
Sedic International,1,7912
Walt Disney,1,5888
See Me Louisiana,1,23272
Walt Disney Animation Canada,1,12402
Seed Productions,1,9076
Nelvana Limited,1,1023
See-Saw Films,1,7217
Walt Disney Studios Motion Pictures,1,3036
SEGA,1,5511
Walwa Films S.A.,1,11452
Sellers-Edwards productions,1,23537
Wanda Vision S.A.,1,10046
SenArt Films,1,922
Warner Bro. Japan,1,3627
Senator Film,1,36614
Linson Films,1,54050
Senator International,1,830
Warner Bros. Family Entertainment,1,3592
Sensi Contemporanei Cinema e Audiovisivo,1,77393
Warner Bros. Interactive Entertainment,1,13034
Sentinel Pictures,1,39517
Lion Rock Productions,1,2812
Sentinel Productions,1,28537
Netter Productions,1,32555
Sequence Film,1,2739
Neufeld Rehme Productions,1,38005
Serendipity Productions,1,6680
Waterhorse Productions,1,51560
Setembro Cine,1,88421
Watermark,1,4364
Seven Arts Productions,1,516
Watley Entertainment,1,8505
Seven Pictures,1,1107
Never Been Kissed Productions,1,21242
SF Norge A/S,1,56050
Waypoint Entertainment,1,22842
Sforzando Productions,1,79577
Wega Film,1,224
SGF Entertainment,1,33808
New Galactic,1,83484
Lumanity Production,1,8204
Wells Productions,1,72153
ShadowCatcher Entertainment,1,12269
West Eleven Films,1,52581
ShadowMachine Films,1,30741
Westerly Films,1,37812
MID Foundation,1,20666
What to Expect Productions,1,19577
Lumiere,1,11793
Whitaker Entertainment,1,51164
Shanghai Media Group,1,78135
Lions Gate Entertainments,1,7035
Shawn Danielle Productions Ltd.,1,8851
Wide Frame Pictures,1,14041
Midnight Picture Show,1,22056
Wigwam Films,1,55144
Shine Pictures,1,16880
Wild Bunch Distribution,1,15308
Shoakuken,1,89165
Wild Things Productions,1,5289
Shochiku Company,1,4641
Wildcard Productions,1,5278
Lumiere Pictures,1,25129
Wildgaze Films,1,1508
Midwinter Productions Inc.,1,5550
New Redemption Pictures,1,67171
Shogakukan-Shueisha Productions,1,12655
William Castle Productions,1,10324
Shooting Script Films,1,78727
Winchester Films,1,68063
Shopgirl,1,1173
Window III Productions,1,94301
Shortcom,1,7767
WingNut Films,1,11
Show East,1,399
Winking Productions,1,20669
Showbox,1,3491
Wonder works studios entertainment group,1,93580
Sicilia Film Commission,1,77396
Maguire Entertainment,1,2236
Sideral Productions,1,63751
World Film Services,1,3167
Sideways Productions Inc.,1,12157
New Upstairs Productions,1,3855
Mifilifilms,1,71833
New Visions Pictures,1,15117
Sierra / Affinity,1,24049
New Zealand Large Budget Screen Production Grant,1,12248
Sierra/Affinity,1,22107
WTC Productions,1,50102
Miho Film,1,44992
WV Films IV,1,27352
Mike Zoss Productions,1,2092
New Zealand Motor Corporation,1,94201
Miko Productions,1,652
X3 Canada Productions,1,79028
Mikros Image,1,8649
Xeitgeist Entertainment Group,1,80468
Milk & Media,1,22305
XF2 Canada Productions,1,79027
Silvatar Media,1,48244
Xingu Films,1,3318
Silver Nitrate,1,23909
XM3 Service,1,79030
Milkshake Films,1,17491
Xuxa Producciones S.L.,1,57206
Silver Reel,1,12075
Y & M Productions,1,49219
Silver Screen Partners II,1,10531
Yanco,1,474
Millar Gough Ink,1,20356
New Zealand Post Digital and Visual Effects Grant,1,20668
Silverbell Films,1,11442
Yari Film Group Releasing,1,9037
Silverwood Films,1,2293
Yleisradio (YLE),1,5975
Simian Films,1,10153
Yoruba Saxon Productions,1,65927
Simon Fields Productions,1,21518
Yucaipa Films,1,12005
Luminant Media,1,17444
Zak Productions,1,8881
Single Cell Pictures,1,279
Zanuck Independent,1,6716
Sio Film and Bravo Entertainment,1,21188
ZDF Enterprises,1,5747
Sirena Film,1,9111
Zeke Productions,1,89425
Six Point Harness,1,5615
Newman/Tooley Films,1,16791
Sixteen Films,1,12695
Zero Gravity Management,1,5357
Sixty Six Pictures,1,92473
Zeta Film,1,11230
Miller-Milkis Productions,1,12283
Zhejiang Films & TV(Group) Company Ltd.,1,78136
Sky Pictures,1,1097
Zip Films,1,12955
Millimeter Films,1,16857
Zoetrope Studios,1,26663
SkyLand Entertainment,1,52337
Zucker/Netter Productions,1,12194
Slate Films,1,20369
Magyar Mozgokep Alapitvany,1,55535
Lunanime,1,11794
Интерфест,1,77442
Mindel-Shaw Productions,1,24868
Реал-Дакота,1,77443
Smoke House,1,1782
Mindfire Entertainment,1,8068
Riviera Films,1,15048
Boies / Schiller Film Group,1,36212
1019 Entertainment,1,56736
Fox Family Films,1,11232
AFS Film,1,25080
Incorporated Television Company,1,1155
Brass Hat Films,1,13817
Filmauro,1,4753
Brat Na Pont Productions,1,21911
Anhelo Productions,1,561
Breathless Associates,1,651
Hong Kong Alpha Motion Pictures Co.,1,13796
Brian Grazer/Scott Rudin Productions,1,90663
J&M Entertainment,1,12474
Brick Dust Productions LLC,1,12271
Labyrinth Theater Company,1,20110
Brideshead Films,1,11558
First Light Production,1,20344
A.J.O.Z. Films,1,11473
FullDawa Films,1,50500
Atlantic Entertainment Group,1,3267
Gordonstreet Pictures,1,60473
Brightside Entertainment,1,56735
Hemdale Film Corporation,1,469
Brillstein-Grey Entertainment,1,1606
Block 2 Pictures,1,539
Bristol Bay Productions,1,2233
A Plus Image 2,1,24458
Atlantic Pictures,1,5387
Jigsaw Productions,1,2740
British Columbia Television,1,15494
Klasky-Csupo,1,59150
British Film Company,1,41115
Legend Production Company,1,10215
British Film Council,1,10889
Filmpool Stockholm Malardalen,1,33821
Agent Two,1,46353
Foqus Arte Digital,1,52845
British Lion Film Corporation,1,660
Beijing Weiyingshidai Culture & Media,1,59388
Aggregate Film,1,25975
Galavis Film,1,8084
Broad Green Pictures,1,49389
GNDHDDT,1,12539
Atlantic Productions,1,8172
1000 Volt,1,75040
Atlantic Releasing Corporation,1,18947
Bird and a Bear Entertainment,1,4342
Aggregate Films,1,37361
Highland Film Group (HFG),1,76991
Brood Syndicate,1,11342
Hugo Productions,1,13855
Brooksfilms,1,5612
391 Productions,1,25680
BrownHouse Productions,1,26423
Infinity Media,1,54280
Bruce Cohen Productions,1,86096
IRE Productions,1,16644
Brushwork Pictures,1,2960
JC 23 Entertainment,1,76714
A.M.A. Film,1,17087
Junger Witt Productions,1,23691
Buckeye Pictures,1,43155
Ketchup Entertainment,1,39734
A2 Entertainment Group,1,56012
Bountiful Film Partners,1,18090
Bulletproof Cupid,1,54850
Latitude Productions,1,30998
Bull's Eye Entertainment,1,25432
BDE Entertainment,1,95294
Burg/Koules Productions,1,17106
Beacon Pictures,1,10157
Bushwood Pictures,1,21241
Finecut,1,14286
Business Location Sudtirol Alto Adige,1,20644
Flower Films,1,2214
Buttercup Films Ltd.,1,49244
Forward Films,1,17748
BV McCann-Erickson,1,35019
Fragile Films,1,2651
C.G. Cinema,1,32289
Fria Luz Del Dia A.I.E.,1,23625
C.O. Films,1,22747
Bellanova Films,1,29303
C.R.G. International,1,8291
Gaumont Columbia Tristar Films,1,145
Atman Entertainment,1,54051
Gigi Productions,1,7499
C-2 Pictures,1,7340
Golden Harvest Company,1,2521
C2M Productions,1,87504
Granada Film Productions,1,247
CAB Productions,1,22587
Gruskoff/Levy Company,1,89313
Cabin Pictures,1,22954
Hands-on Producers,1,56832
Caliber Media Company,1,11049
HBO Pictures,1,3078
Calimari Productions,1,45518
Black and Blu Entertainment,1,53007
A113,1,59778
Hofflund/Polone,1,1685
Artemis Films,1,23561
Horticus UK,1,12409
Camera One,1,6454
Apjac International,1,22542
CAMERON MACKINTOSH,1,7923
Illusion Entertainment,1,20034
Camp Grey,1,83744
Bloom,1,32554
Campanile Productions,1,381
Indo-British,1,501
ATR Films,1,53904
Apparatus Productions,1,11956
Canal Plus,1,104
Internationale Filmproduktion,1,15742
120 Films,1,19233
Isabella Films B.V.,1,12045
Ahimsa Films,1,69542
Jalem Productions,1,11496
120dB Films,1,5113
Arcade Pictures,1,11112
Canal+ Polska,1,6476
Jolly Russell Productions,1,14310
Cannell Studios,1,9194
Kairos,1,19940
Cannon Films,1,4110
Bon Voyage Film Studio,1,78134
Cannon Italia Srl,1,21712
King Record Co.,1,4673
Canon Productions,1,78455
Konrad Pictures,1,85
Capacity Pictures,1,50491
Kumar Mobiliengesellschaft mbH & Co. Projekt Nr. 3 KG,1,26149
Capella International,1,594
Langley Park Productions,1,64416
Capital Equipment Leasing,1,15125
LBI Entertainment,1,8518
AI-Film,1,51860
Les Editions Albert Rene,1,20409
Cappa Productions,1,691
Film Rites,1,8083
Captivate Entertainment,1,25716
American Filmworks,1,8310
Caramel Film,1,23108
Filmmaker R&K,1,12987
Caramel Films,1,6623
Filmverlag der Autoren,1,10869
Caravan Pictures,1,175
Amkart Studios,1,15754
Cargo Entertainment,1,34380
Fitzwilliam Productions,1,53416
Cargo Films,1,2561
3311 Productions,1,19632
Carnival Films,1,6196
Forthcoming Productions,1,9321
Atresmedia Cine,1,29566
Fourth Kind Productions,1,63903
13 Productions,1,28190
Fox Star Studios,1,12154
Carolina Bank,1,504
Beijing TV Station,1,78139
Carousel Picture Company The,1,19944
Freeman Film,1,37816
Attercop Productions,1,11786
Fu Works,1,12046
Cartoon Network Studios,1,7899
Fuqua Films,1,8151
Casa Kafka Pictures Movie Tax Shelter Empowered by Dexia,1,11800
G.P.F.I.,1,18108
Casbah Film,1,10207
GameFreak,1,5399
Case 39 Productions,1,11582
Geneon Entertainment,1,3362
Casey Silver Productions,1,877
Ghost House Pictures,1,768
Attitude Piniculas y Films A.I.E.,1,58260
Global Entertainment Productions GmbH & Company Medien KG,1,9269
Castel Film Romania,1,1370
Golar Productions,1,2484
Castelao Producciones,1,7956
Goliath Entertainment,1,67540
Casting del Sur,1,88419
Gracie Films,1,18
Alabama Production Group,1,63902
Great Oaks Entertainment,1,2173
Castleberg Productions,1,5841
Gross Entertainment,1,87390
Casual Friday Productions,1,93528
Gunny Entertainment,1,7788
Catch Productions,1,11052
Hammerhead Productions,1,20375
CatchPlay,1,8870
BIM Distribuzione,1,225
Catfish Productions,1,86
Haven Entertainment,1,19548
Catherine Dussart Productions (CDP),1,17084
Heart & Soul Production,1,45424
Cattleya,1,10102
Hercules Films,1,35709
Alan Greenspan Productions,1,6401
Apaches Entertainment,1,8111
CCLA Productions,1,95595
Himenoptero,1,784
Auburn Entertainment,1,18989
Hollywood Studios International,1,22610
August 1st Film Studio,1,39074
Horizon Pictures,1,388
cechi gori group,1,6643
Huayi Brothers,1,3393
Central Motion Pictures,1,25345
Hurwitz Creative,1,88016
Central Partnership,1,9342
Ascension Pictures,1,7829
Centre du Cinema et de l'Audiovisuel de la Federation Wallonie-Bruxelles,1,11796
iFeatures,1,74150
Centre National de la Cinematographie,1,310
I'm So Sorry Productions,1,26072
Alan Landsburg Productions,1,4904
ApolloProMedia GmbH & Co. 1 Filmproduktion KG (I),1,19951
Artemple - Hollywood,1,60682
In The Bag Productions,1,65272
Centre Regional des Ressources Audiovisuelles (CRRAV),1,11545
India Talkies,1,69701
Albacore Productions Inc.,1,41470
ASIG Productions,1,32245
Centropolis Film Productions,1,620
Ingenious Broadcasting,1,18942
Centrul National al Cinematografiei (CNC),1,69462
Institut Catala de les Empreses Culturals (ICEC),1,35559
Centurion Investment,1,1692
International Film Corporation,1,22847
CFCN Communications,1,21287
AE Two Film Productions,1,89132
C-Films AG,1,6663
Iron Horse Entertainment (II),1,34981
CG Cinema,1,51696
Blumhouse,1,72389
Aura Film Partnership,1,12137
Jack Dietz Productions,1,19558
Chang-Hong Channel Film & Video Co.,1,24089
Jasmine Productions Inc.,1,65515
Australian Film Finance Corporation,1,1380
Jerry Bresler Productions,1,11971
4Kids Entertainment,1,4570
BN Films,1,30531
Aamir Khan Productions,1,2140
John Goldwyn Productions,1,17594
Chapter One Films,1,55265
Joseph Nittolo Entertainment,1,21975
Charenton Productions,1,75937
K/O Camera Toys,1,23300
Charles Chaplin Productions,1,1315
Kalkronkie,1,23560
Charles K. Feldman Group,1,1317
Kava Productions,1,86434
Charlie Guidance,1,45004
4M,1,20665
Chartoff-Winkler Productions,1,12252
Argos Films,1,6116
Chatrone,1,79031
Kintop Pictures,1,1490
Cheerland Entertainment Organization,1,86061
KNM,1,77154
Albert S. Ruddy Productions,1,16311
Kotva Films,1,59030
Chenault Productions,1,1684
Kudos Film and Television,1,20244
19 Entertainment,1,20877
Boy Culture LLC,1,3107
Autumn Pictures,1,65327
Lailaps Pictures,1,32875
Chic Films,1,12398
Lars Productions,1,19731
Chicago Pacific Entertainment,1,2377
Ars Nova,1,67539
Chickie The Cop Production,1,15700
Le Club des Investisseurs,1,93495
Chime Films,1,19965
Legende Films,1,22997
Chimera Films LLC,1,9324
Les Films Corona,1,1398
Alberto Grimaldi Productions,1,7381
Film It Suda,1,5659
China Film Co-Production Corporation,1,2269
Film Workshop,1,3618
Autumn Productions,1,47843
FilmCamp,1,23682
Avenue Pictures Productions,1,251
Filmfinance XII,1,88044
Chinarunn Entertainment Inc.,1,74408
Beambright,1,36003
Chiyoko Commitee,1,24034
Filmpartners,1,20692
Aversano Films,1,60022
Filmstiftung Nordrhein-Westfalen,1,315
Chongoing Film Group,1,78132
Finding Forrester Productions,1,50830
Chris Lee Productions,1,20033
Finnegan/Pinchuk Productions,1,20986
Chromosom Filmproduktion,1,10847
First Generation Films,1,4908
Chuan Production Film Studio,1,26242
First National Pictures,1,3245
Chunqiu Time Co.,1,65443
Five Roses,1,22456
Aardman Animations,1,297
Flyboys Films,1,6362
Cindy Cowan Entertainment,1,22862
Fogbound Productions,1,59914
Cine Camera,1,81017
Forgan-Smith Entertainment,1,5309
Cine Cut Films Inc.,1,38303
Fortissimo Films,1,1615
Cine Mobil,1,64894
Four by Two Films,1,34620
Cine Mosaic,1,21864
Beijing Happy Pictures Cultural Communications Co.,1,11553
Cine@,1,2564
Fox Filmes do Brasil,1,4887
42 Km Film,1,51274
FOZ,1,149
Alcove Entertainment,1,11785
Beijing Silver Moon Productions,1,45425
Cinecom Pictures,1,57417
France2 Cinema,1,7089
Aldamisa Entertainment,1,11006
Bel Air Entertainment,1,788
Cineforom,1,92233
French Tax Credit,1,23733
Cinelou Films,1,39644
Fritz Lang Productions,1,3249
Cinema 77 Films,1,10317
Full Crew/Say Yea,1,75713
Cinema 84,1,4764
Funky Buddha Productions,1,11542
Cinema Four,1,6984
Furry Vengeance Productions,1,34447
Cinema Group,1,5093
Arts Council of Great Britain,1,27901
Cinema Group Ventures,1,11142
GAGA,1,3656
Cinema Gypsy Productions,1,5227
Gama Entertainment Partners,1,77208
Cinema Plus,1,4657
Gatlin,1,52197
Cinemage 9,1,76994
Geffen Company The,1,4354
Cinemalaya Foundation,1,15808
Generalitat Valenciana,1,53491
Avex Inc.,1,51469
Acuarius Films S.A.,1,31132
Cinemarque Entertainment,1,10170
Ghoulardi Film Company,1,178
CinemaScopio Producoes,1,81442
Anhui Broadcasting Corp.,1,78138
Cinematograph AB,1,7445
Globe Film,1,16135
Cineplex-Odeon Films,1,5231
Bernard Gayle Productions,1,3194
CinePostproduction,1,32510
Beta Cinema,1,44113
Cinereach,1,12219
Animationwerks,1,51312
Avilon Audio,1,16728
Good Universe,1,17393
Cinerenta-Cinebeta,1,21784
Gotham Entertainment Group,1,39288
2 Bridges Productions,1,56011
Gran Via,1,41252
Cineric,1,11078
Grass Root Film Company,1,14143
Cineroma SRL,1,23732
Greek Film Center,1,7254
Cinetel Films,1,10399
Grey Water Park Productions,1,14737
Cinevista,1,84804
ARY Films,1,83223
CIPI Cinematografica S.A,1,12276
Big Primate Pictures,1,68
Circle Films,1,11273
Hachette Premiere,1,582
City Film,1,664
Hallway Pictures,1,11051
Avrora Media,1,38959
Handprint Entertainment,1,690
City Light Films,1,136
34th Street Films,1,5984
City of Lodz,1,72682
Harpo Films,1,3298
CJ Entertainment,1,7036
Birnbaum/Barber,1,23731
Clavius Base,1,38944
Biscayne Pictures,1,20450
AXN,1,7341
Head Gear Films,1,5056
Axon Films,1,21106
Hell's Kitchen Films,1,2307
Alfran Productions,1,10211
Henson Associates (HA),1,24931
Cloud Atlas Productions,1,11080
Hernandez y Fernandez Producciones Cinematograficas,1,50813
CLT,1,40996
Hessischer Rundfunk (HR),1,9292
Clyde Is Hungry Films,1,12263
High Frequency Entertainment,1,52053
CMT Films,1,39447
Highlook Communications Group,1,84788
CN4 Productions,1,81528
History Films,1,7469
CNN Films,1,29605
Hollywood Partners,1,30257
Coast Ridge,1,23690
Black Label Media,1,33681
Cobblestone Pictures,1,38960
Hopscotch Features,1,21079
Coco,1,87847
Horror Inc.,1,62948
Coconut Pete Productions,1,52949
Blagbuster,1,87502
Codi S.p.a.,1,57736
Hubert Bals Fund of the Rotterdam Festival The,1,73927
Cofimage 25,1,73893
Hungarian Motion Picture Fund,1,3385
Cofimage 27,1,92231
Hutch Parker Entertainment,1,91797
Cofinova 10,1,27125
Adelaide Film Festival,1,2854
Cofinova 11,1,75983
Iberoamericana Films Produccion,1,28040
Cohen/Pearl Productions,1,2397
IFC Films,1,307
Alfred J. Hitchcock Productions,1,10715
Illuminata Pictures,1,10160
Collision Entertainment,1,2179
IM Filmproduktion,1,1809
Colombia Pictures,1,4154
Image Nation,1,53299
Colomby/Keaton Productions,1,20979
Imaginary Forces,1,11321
A-Line Pictures,1,54281
IMF Internationale Medien und Film GmbH & Co. Produktions KG,1,65403
Colorado Office of Film Television & Media,1,87858
Imperial Filmproduktion,1,2007
Colour Yellow Pictures,1,69903
Inca Films S.A.,1,6638
Columbia Films,1,23531
Indefilms 3,1,76445
Columbia Pictures,1,5
InDigEnt (Independent Digital Entertainment),1,26469
2 Entertain,1,2689
Indusfilms,1,18844
Columbia TriStar,1,177
Inferno Entertainment,1,13648
Columbia TriStar Filmes do Brasil,1,77682
Infogrames Entertainment,1,2998
Columbus Circle Films,1,3264
Appaloosa Films,1,22689
Comedy Central Films,1,7480
Blue Spirit Animation,1,42171
Cometstone Pictures,1,10895
Institut Valencia de Cinematografia (IVAC),1,18309
Company Films,1,22339
Intellectual Properties Worldwide,1,18524
Compulsion Inc.,1,58333
International Film Trust,1,78555
Conseil General de l'Eure,1,93497
3ality Digital Entertainment,1,80711
Conseil Regional de Haute Normandie,1,93494
Inverness Productions,1,12592
Conspiracao Filmes,1,2429
Apulia Film Commission,1,12032
Constance Media,1,22306
Is or Isn't Entertainment,1,36081
Constantin Film International,1,12162
AR Films,1,11005
All Girl Productions,1,10535
Ivory Way Productions,1,5441
Constantin Film.,1,9078
Jack and Henry Productions Inc.,1,33617
AZ Celtic Films,1,73204
Jaffe / Braunstein Enterprise,1,6822
ContentFilm,1,1420
Jaret Entertainment,1,1783
Continental Film Group Ltd.,1,29207
Jax Media,1,24021
Coolmore Productions,1,15283
Jennings Lang,1,3736
Coop99 Filmproduktion,1,52412
Jerry Lewis Productions,1,5533
Cooper's Town Productions,1,213
Jet Tone Films,1,26492
Coproduccion Espana-Argentina-Francia,1,73567
Jiangsu Broadcasting System,1,26241
Coproduction Office,1,6505
Jim Henson Productions,1,2504
Coral Productions,1,19766
Joint Effort,1,83036
Corduroy Films,1,18479
Joseph E. Levine Productions,1,11503
Corona-General,1,60832
Jouror Productions,1,12391
Corsan,1,7299
K&S Films,1,73568
AZ Films,1,88418
K5 International,1,6715
Corvid Pictures,1,64683
Kaleidoscope Films,1,29305
Cosmic Pictures,1,1810
Karbo Vantas Entertainment,1,23502
Cota Film,1,77394
Bombshell Pictures,1,11546
AZL Productions KG,1,902
KC Medien AG,1,596
Court 13 Pictures,1,6714
Kellgate Limited,1,65270
Court Five,1,30023
Bona Film Group,1,30148
Courtside Seats Productions,1,55527
Bona International Film Group,1,8250
Cowboy Films,1,245
Kinberg Genre,1,78091
Cowtown Cinema Ventures,1,82423
Kingston Film Productions Ltd.,1,12147
CP Medien AG,1,5521
Kite Runner Holdings,1,29031
Crab Apple Films,1,41517
Bophana Production,1,26255
Azoff Entertainment,1,10619
Kodiak Films,1,23684
B.D.S. Productions Inc.,1,20088
Kopelson Entertainment,1,824
Creado Film,1,337
Kramer & Sigman Films,1,21914
B.H. Finance C.V.,1,11353
Kreo Films FZ,1,50079
B24,1,69434
Kulturelle Filmforderung Schleswig-Holstein,1,75412
Creative Visions Productions,1,89129
La Classe Americaine,1,50630
Creatures,1,12307
La Station d'Animation,1,90333
Credit Lyonnais,1,93496
Laguna Entertainment,1,23038
Creepshow Films Inc.,1,14179
Lakeshore International,1,53458
Crescendo Productions,1,3314
Lansdown Films,1,53014
Crescent Film Enterprises,1,8036
Lascaux Films,1,30997
B4MH Productions,1,39446
Laurel Entertainment Inc.,1,14180
Crew Neck Productions,1,89194
Astral Bellevue Pathe,1,10313
Alla Prima Productions,1,2959
Art In Motion,1,31604
Crossbow Productions,1,1296
Brad Zions Films,1,84890
Crossroads Entertainment (II),1,95295
3B Productions,1,7184
Cruel & Unusual Films,1,9995
Lemodeln Model & Talent Agency,1,59391
Babbo Inc.,1,636
Les Films Ariane,1,7110
Allarcom Limited,1,15493
American Entertainment Partners II L.P.,1,21451
Crusader Entertainment,1,2978
Film Investment Piedmont (FIP),1,22141
Crying Box Productions,1,52145
Film Properties International N.V.,1,10956
Crystal City Entertainment,1,9018
Beachfront Films,1,9323
Crystal Lake Entertainment,1,21783
American Film Company,1,7486
Crystal Sky Pictures,1,20241
FilmBuff,1,15722
Cuatro Plus Films,1,22868
American Films,1,38181
Cube Vision,1,2780
American International Pictures (AIP),1,9266
Cupid Productions,1,14228
AR-TL,1,53610
Curmudgeon Films,1,12029
Filmforderungsanstalt (FFA),1,4247
Allegiance Theater,1,54454
American International Productions,1,14149
Cyclops Vision,1,17436
Beatnik Films,1,92144
Cyrkfilms,1,10900
Filmplan International II,1,543
Czech Anglo Productions,1,20473
Films en Stock,1,11394
Da Vinci Media Ventures,1,40107
Filmtribe,1,12425
Dalian Wanda Group,1,22340
Arts Council of England,1,718
Dan Films,1,1854
Fine Productions,1,23501
Dangerous to Know Swell Co.,1,56302
Finestkind,1,53008
Daniel Bobker Productions,1,12270
Fipex Holding,1,40822
Daniel Fried Productions,1,53732
Beech Hill Films,1,6847
Alliance,1,7258
First Knight Productions,1,10158
Dante Entertainment,1,2755
First Look Pictures,1,13534
D'Antoni Productions,1,646
Firsttake Entertainment,1,42591
Alliance Cinema,1,44811
Five Drops,1,11082
Dark Harbor Stories,1,65129
Flavor Unit Entertainment,1,5677
Allied Artists,1,517
AMLF,1,1869
Dark Sky Films,1,4592
Flynn Picture Company,1,34081
Darko Entertainment,1,12622
Beijing Forbidden City Film Co.,1,11415
Darkside Movie,1,14555
Fondazione Montecinemaverita,1,55536
Darren Star Productions,1,1694
Foresight Unlimited,1,21897
Darryl F. Zanuck Productions,1,13630
Amuse Soft Entertainment,1,3219
D'Artagnan Productions Limited,1,53010
An Erich von Stroheim Production,1,33995
Daryl Prince Productions,1,59897
FortyFour Studios,1,93408
Dasepo Club,1,11430
ANA Media,1,21817
Babe Ruthless Productions,1,93522
Four of a Kind Productions,1,6693
David Dobkin Productions,1,53062
33andOut Productions,1,34035
Abandon Entertainment,1,2724
Beijing Poly-bona Film Publishing Company,1,11414
David L. Wolper Productions,1,3434
Fox Film Corporation,1,5488
Babieka,1,20656
Fox International Productions (FIP),1,20492
David Merrick Productions,1,54211
Foxtor Productions,1,2725
2 Loop Films,1,29694
FR3 Films Production,1,26194
Davis Entertainment Classics,1,7070
Anagram Pictures Inc.,1,4251
Baby Cow Films,1,13854
France Television,1,7131
Allied Artists Pictures,1,4928
France Televisions Distribution,1,54226
Daybreak,1,49241
Andale Pictures,1,22791
Daybreak Productions,1,11746
Freddie Fields Productions,1,27349
60/80 Productions,1,55870
Free State Pictures,1,40106
20th Century Fox Home Entertainment,1,3635
Freerunning,1,41648
DCG Plus,1,11431
Frenesy Film Company,1,46344
De Haven Productions,1,1953
Fries Entertainment,1,21756
De Laurentiis Entertainment Group (DEG),1,484
Friuli Venezia Giulia Film Commission,1,38591
Allison Shearmur Productions,1,47706
Belgacom,1,8009
De Milo,1,10678
Full On Film Productions,1,89253
Dead Crow Productions,1,26082
Funfte Babelsberg Film,1,23889
Baby Cow Productions,1,1219
Funny Balloons,1,70569
Death Wish 5 Productions,1,21335
Furia de Titanes II A.I.E.,1,24176
DeBart,1,2519
Belladonna Productions,1,2341
Debra Hill Productions,1,498
Belvision,1,5850
Deep River Productions,1,2646
G.C. Pix\xa0,1,8055
Deer Path Films,1,22956
G.W. Films,1,1555
DEJ Productions,1,25433
Gainax,1,3041
Deliverance Productions,1,11593
Galaxy Productions,1,38619
Delphi II Productions,1,7585
GAME FREAKS,1,12306
Back Lot Pictures,1,7374
Angel Eyes Productions,1,89133
Delphi IV Productions,1,7401
Angeles Entertainment Group,1,12591
Delphi Medien,1,50485
Gaumont Production,1,45441
Artina Films,1,2394
Genco,1,17982
Bad Cop Bad Cop Film Productions,1,12649
Generalitat de Catalunya - Institut Catala de les Industries Culturals (ICIC),1,16055
Demarest Films,1,13241
Angry Films,1,12087
20th Century Fox Television,1,1556
Gerard Butler Alan Siegel Entertainment,1,73046
Abbolita Productions,1,23700
Ghana National Commission on Culture,1,84251
DENTSU Music And Entertainment,1,2752
Ghost Ship Films Pty. Ltd.,1,53238
Denver and Delilah Productions,1,3574
Gideon Productions,1,8506
Departement des Alpes-Maritimes,1,11799
Bergsten Music,1,77739
Departement des Pyrenees-Atlantiques,1,73892
Gkids,1,32853
Departure Entertainment,1,2989
Global Produce,1,30133
Departure Studios,1,2990
Berlanti Productions,1,27711
Depth Entertainment,1,11995
Goess Film,1,55537
ABC Pictures,1,634
Best Picture Show Company The,1,68064
Desert Flower,1,5380
Animal Logic,1,8089
Desert Hearts Productions,1,80277
Animal Planet,1,63105
Desertlands Entertainment,1,2235
Goldenlight Films,1,15855
Bagdasarian Productions,1,10930
Goldwyn Films,1,720
Destination Films,1,769
BFI,1,5165
Detailfilm,1,48663
Gordon Company,1,1073
Detour Film Production,1,98
Gota Film,1,19000
Alloy Entertainment,1,10067
Gotham Group,1,3672
Deutsche Filmforderfonds (DFFF),1,11238
Gramercy Pictures (I),1,31715
DFI,1,14983
BHE Films,1,2008
Dharamsala,1,6937
Big Arty Productions,1,3519
Bahr Productions Inc.,1,33199
Graveyard Productions,1,3826
Di Bonaventura Picture,1,5955
Great Point Media,1,52352
Bakshi Productions,1,4921
Green Communications,1,21786
Les Productions du Chicon,1,11544
Ad hoc Studios,1,84865
Levantine Films,1,83024
Big Bug Pictures,1,23434
Above All Things Inc,1,12924
Groucho III Film Partnership,1,28439
42,1,84988
Grove Hill Productions,1,21926
Diligence Films,1,92232
Big Lou House Productions,1,79036
Balmoral Associates,1,41810
Antena 3 Television,1,11737
Dinamo Entertainment,1,40675
H2S2 Filmproduktionsgesellschaft,1,28121
Allspark Pictures,1,57031
Hacienda Productions,1,43717
Almega Projects,1,66625
Half Circle,1,60255
DiNovi Pictures,1,813
Hammer Film Productions,1,1314
Diproci,1,31263
Addis Wechsler Pictures,1,4665
Directv,1,34625
Antidote Films,1,20993
Dirty Hands Productions,1,81128
Bill Kenwright Films,1,7058
Discovery Channel Pictures,1,7492
Harbor Picture Company,1,23716
Abramoff Production,1,7533
Hargitay & Hargitay Pictures in Motion,1,17492
4 Kids Entertainment,1,3035
Harris Company,1,25434
Distant Planet Productions,1,19923
Harvest Filmworks,1,22566
District 9,1,20667
A Band Apart,1,59
Division Films,1,14036
Hawn / Sylbert Movie Company,1,16368
Abu Dhabi Film Commission,1,87857
HBO Films,1,7429
Django Film,1,3659
HBO Romania,1,13670
Alpha Productions,1,20931
Headline Pictures,1,13151
Bande a Part Films,1,28336
BKM,1,75411
Dogfish Pictures,1,12650
Hemdale Film,1,3952
Doha Film Institute,1,8152
Antietam Filmworks,1,17462
Bandito Brothers,1,8403
Hera Productions,1,16192
Dollface,1,61337
Hermetof Pictures,1,23558
Dolly Hall Productions,1,86089
Herodiade,1,7673
Dolphin Entertainment,1,53592
Herrick Entertainment,1,6666
Dominion Productions,1,36452
Adel Productions,1,1713
Don Bluth,1,37167
HiFilm,1,79268
Don Bluth Productions,1,90512
High Sierra Carpeting,1,89635
Banques Populaire Image 7,1,1997
Highland Films,1,571
80 Days Productions,1,53413
Highroad Productions,1,18705
Donner/Shuler-Donner Productions,1,23397
Hirsch,1,2355
22h22,1,17653
Hobo Pictures India,1,42592
Doom Buggy Productions,1,47122
Hollywood Gang Productions,1,2994
Doom Productions,1,19922
A Bigger Boat,1,5855
Doosabu Film,1,12621
Home Box Office,1,6752
Dorje Film,1,1760
Homerun Productions,1,1094
double A Films,1,4731
Hope Productions,1,78597
Barbarian Films,1,6563
Horipro,1,4330
Double Negative,1,31922
Horizon Pictures (II),1,11356
Douglas,1,61896
Black Sky Entertainment,1,22955
Dovemead Films,1,51861
Asahi Shimbun,1,57977
Down Home Entertainment,1,22953
Hoya Productions,1,48184
Down Productions,1,37336
Ascendant Pictures,1,1204
Barclays Mercantile Industrial Finance,1,553
Blind Man Productions,1,86128
Dragon Pictures,1,2997
Hunan Broadcasting System,1,78137
Barentsfilm,1,44993
Hunnia Filmstudio,1,7013
Dreamachine,1,2506
Hustler White Productions,1,56303
Dreambridge Films,1,14037
Apipoulai,1,1076
Dreams of Dragon Picture,1,19621
Blind Spot Pictures Oy,1,7330
Barry & Enright Productions,1,11616
Bling Unplugged,1,71966
Barry Mendel Productions,1,17032
IamOTHER Entertainment,1,58445
24P Media Group,1,14581
ICF,1,52107
Dribble Productions,1,2895
IDT Entertainment,1,4279
Dubai Entertainment and Media Organization,1,84790
IFC Productions,1,26468
Due West,1,10899
IFP Westcoast Erste,1,12235
DumbDumb,1,37362
Illuminati Films Pvt Ltd,1,3930
26 Films,1,2157
Ilshin Capital Investments,1,1691
27 Films Production,1,9282
Apollo Media,1,73216
Altavista Films,1,5084
Ashton Productions,1,11982
Duo Films,1,16125
ImageMovers,1,11395
DW Studios,1,10261
Imagica Corp.,1,44803
Basic Pictures,1,51470
A Contracorriente Films,1,33916
Eagle Vision Inc.,1,214
ApolloProScreen Filmproduktion,1,19528
Ealing Metro International,1,25837
Immortal Entertainment,1,973
Earth Girls,1,78875
Imperial Entertainment,1,21437
East Japan Marketing & Communications Inc.,1,8157
Ashutosh Gowariker Productions Pvt. Ltd.,1,3579
Easy Company,1,24457
In The Groove,1,95406
Easy There Tiger Productions,1,11804
In-Cine Compania Industrial Cinematografica,1,4808
Ebeling Group,1,11392
Incorporated Television Company (ITC),1,15980
Artisan Entertainment,1,2188
Independent Film Distributors,1,262
Ecosse Films,1,1267
Blue Light,1,28064
Ed Friendly Productions,1,47635
Indigo Film,1,1533
Eddie Murphy Productions,1,30
Indochina Productions,1,19751
Eden Rock Media,1,2273
Industrial Light & Magic (ILM),1,8805
Eden Wurmfeld Films,1,4143
Aspen Productions,1,4922
Edge City,1,11463
Inferno International,1,7415
EDKO Film,1,12205
Inflammable Films,1,7975
Edmonds Entertainment Group (EEG),1,2923
Informant Media,1,9325
Artist Film,1,6346
Apotheosis Media Group,1,15464
EFTI,1,3576
Ingenious Senior Film Fund,1,86901
EFVE,1,11037
Initial Groupe,1,22240
Egg Pictures,1,802
Innovisions,1,13962
Baumgarten Merims Productions,1,14652
Institut Francais,1,72595
Egoli Tossell Film AG,1,2254
Instituto de Credito Oficial (ICO),1,11427
Ehman Productions,1,70993
Blue Star Pictures,1,2779
Eigerwand Pictures,1,21937
Appleseed Film Partners,1,3360
Eketahuna LLC,1,74192
Assassin Films,1,7151
El Deseo S.A.,1,11736
International Traders,1,6408
ELC Productions Ltd.,1,73953
Internationale Filmproduktion Blackbird Dritte,1,19855
A&M Films,1,11043
Into the Wild,1,41051
Electric Entertainment,1,3241
InVenture Entertainment,1,2831
Elektra Productions,1,19553
Ion Pictures,1,23309
Element Films,1,2274
Associated Capital,1,15124
Bavaria Entertainment,1,23493
Irish Film Industry,1,55424
Embankment Films,1,86902
Irwin Allen Productions,1,14024
Embassy International Pictures,1,10214
Isabella Films,1,12047
Emergency Films,1,15463
Island Pictures,1,3492
EMI Films,1,8263
Bluewater Pictures,1,78322
Altus Productions,1,25836
It's a Laugh Productions,1,3812
EMJAG Productions,1,14654
Ixtlan,1,4198
Emmett Furla Oasis Films (EFO Films),1,73685
J.K. Livin Productions,1,12124
Amasia Entertainment,1,15465
Jack and Rose Productions,1,37334
Empire Films,1,2324
Jack Rollins & Charles H. Joffe Productions,1,13309
Empire Pictures,1,1212
Jagged Films,1,27319
Emrah Gamsızoglu,1,23748
Jan Chapman Productions,1,14089
Enderby Entertainment,1,21608
Jascat,1,25905
Endgame Entertainment,1,1205
Jason Productions,1,7513
Endorfilm,1,80500
Jay Weston Productions,1,11742
Endymion Films,1,7887
JD Prod,1,71510
Enelmar Productions A.I.E.,1,63571
Jericho Productions Ltd.,1,87849
Act III,1,90897
Aramid Entertainment Fund,1,3272
Enigma Productions,1,7049
10th Hole Productions,1,6691
Entertainment Film Distributors,1,23164
Jessie Nelson Productions,1,53061
Entertainment One,1,8147
Jet Tone Production,1,540
Bavaria Film Partners,1,62407
JHF Productions,1,34036
Bavaria Studios,1,33772
Jigsaw,1,30132
Amazon Prime Instant Video,1,58773
Jim Henson Company The,1,6254
Bay Films,1,6734
Jinks/Cohen Company,1,2721
EOS Entertainment,1,2278
Archer Gray,1,41640
Epidemic Pictures,1,2924
Jolie Pas,1,39443
2DUX²,1,23644
Jonathan Krane Group,1,46458
Equity Pictures Medienfonds GmbH & Co. KG III,1,10885
Joseph M. Singer Entertainment,1,1301
Equity Pictures Medienfonds GmbH & Co. KG IV,1,20363
Josephson Entertainment,1,1894
Erfttal Film,1,2221
Archer Street Productions,1,1471
Eros International,1,3653
Archery Pictures,1,85823
ERP Productions,1,3643
K. JAM Media,1,17888
Artist International,1,23911
Bob DeBrino Entertainment,1,95293
Escima,1,40997
Archipel 35,1,2695
Eskwad,1,616
Kaitz Productions,1,8758
Esperanto Filmoj,1,7470
Aegis Film Fund,1,7309
Etalon film,1,9341
ARD Degeto Film,1,10947
Etb (Euskal Telebista),1,7343
Kartemquin Films,1,13042
BB Films,1,17091
Kasander Film Company,1,1049
\xa0Check Entertainment,1,8054
Katalyst Films,1,817
Euro Film Funding,1,7745
Kawoosh! Productions DTV I,1,72565
Eurofilm Studio,1,16016
KDDI Corporation,1,11848
Euro-Images,1,32634
Keith Barish Productions,1,964
3 Art Entertainment,1,434
Kenio Films,1,19904
Eurotrustees,1,8876
Ardustry Entertainment,1,26281
Eurowide Film Production,1,7627
Kestrel Films,1,27023
Everest Entertainment,1,10892
Kevin Messick Productions,1,2977
Amen Ra Films,1,421
Kids' WB,1,89163
Evil Media Empire,1,10773
Kim and Jim Productions,1,10425
Artist International Management,1,23913
Kind Hearts Entertainment,1,47287
Evolution Independent,1,14636
Kings Road Entertainment,1,4255
Ex3 Productions,1,28384
Kinostar,1,23746
Amercent Films,1,5263
KirchMedia,1,73949
Extension 765,1,8850
Klas Film,1,70098
Extreme Productions,1,16849
KMP Film Invest,1,20157
Eyetronics,1,15763
Boram Entertainment Inc.,1,2965
Eyeworks,1,6461
Armory Films,1,35849
Act III Communications,1,1153
Komplizen Film,1,1618
Face Productions,1,48638
AFG Talons Productions,1,19523
Fade to Black Productions,1,9351
Korea Capital Investment,1,1687
FAI Films,1,81130
Kouf/Bigelow Productions,1,3589
Fairview Entertainment,1,7297
Bottom of the Ninth Productions,1,65559
BBC Radio 3,1,27900
KrautPack Entertainment,1,51570
Fallingcloud,1,30655
Kroyer Films,1,47154
Family of the Year Productions,1,21624
Kudos Productions Ltd.,1,3445
Famous Artists Productions,1,1482
Bow and Arrow Entertainment,1,37432
Famous Films (II),1,3418
La Banque Postale Image 8,1,75984
Famous Players Ltd,1,541
Boxing Cat Films,1,12626
Fantasy Films,1,286
La Sexta,1,22863
Farhadi Film Production,1,83099
La Trini,1,53490
Fat Free,1,65781
Lagniappe Films,1,14637
Fauna Productions,1,37434
L'Aide aux Cinemas du Monde,1,72596
Fear of God Films,1,40309
A Plus Image 5,1,77848
BBC Worldwide,1,3164
Langley Park Production,1,8057
Feuer and Martin Production A,1,67888
Langley Productions,1,2435
Fida Attieh Productions,1,91526
Arokaria,1,89252
Fidelite Films,1,2927
Las Producciones del Escorpion S.L.,1,18332
Fierce Entertainment,1,12138
Boy in the Box,1,56010
Figment Films,1,359
Laura Bickford Productions,1,5163
Film & Entertainment VIP Medienfonds 4 GmbH & Co. KG (I),1,7416
Laurel Productions,1,10697
Film 111,1,87848
Lava Bear Films,1,32300
Film 44,1,20153
Lawrence Gordon Productions,1,840
Film Afrika,1,773
LBI Productions,1,75017
BCDF Pictures,1,10290
Le 12e Art,1,87503
Film and Music Entertainment (F&ME),1,21446
Le Grisbi Productions,1,47169
Film Art Media,1,36733
Le Vision Pictures,1,48873
Film Commission Regione Valle d'Aosta,1,32837
Legendary East,1,86433
Film Commission Torino-Piemonte,1,26261
Legende Entreprises,1,10898
Film Development Council of the Philippines,1,57621
Lemming Film,1,2345
Film Development Fund,1,16275
leo films,1,16253
Film Export A.G.,1,51862
Branded Entertainment/Batfilm Productions,1,432
American Entertainment Investors,1,80469
Les Films Balenciaga,1,4236
Film Fund FUZZ,1,5241
Brandt/Haas Productions,1,46354
BD Cine,1,9962
Disruption Entertainment,1,10256
Les Productions Jacques Roitfeld,1,1527
DIA' Productions GmbH & Co. KG,1,37103
Leverage Communications,1,25790
Dieter Geissler Filmproduktion,1,1766
Leverage Management,1,8536
Digital Frontier,1,3361
Digital Image Associates,1,76068
